Accident_ID,Severity
1,Minor_Damage_And_Injuries
10,Minor_Damage_And_Injuries
14,Minor_Damage_And_Injuries
17,Significant_Damage_And_Fatalities
21,Minor_Damage_And_Injuries
40,Minor_Damage_And_Injuries
45,Minor_Damage_And_Injuries
50,Minor_Damage_And_Injuries
52,Significant_Damage_And_Fatalities
85,Minor_Damage_And_Injuries
95,Minor_Damage_And_Injuries
106,Minor_Damage_And_Injuries
111,Minor_Damage_And_Injuries
123,Minor_Damage_And_Injuries
129,Minor_Damage_And_Injuries
130,Minor_Damage_And_Injuries
132,Minor_Damage_And_Injuries
137,Minor_Damage_And_Injuries
159,Minor_Damage_And_Injuries
161,Minor_Damage_And_Injuries
162,Minor_Damage_And_Injuries
166,Minor_Damage_And_Injuries
170,Minor_Damage_And_Injuries
173,Minor_Damage_And_Injuries
177,Minor_Damage_And_Injuries
180,Minor_Damage_And_Injuries
182,Significant_Damage_And_Fatalities
183,Minor_Damage_And_Injuries
184,Minor_Damage_And_Injuries
188,Minor_Damage_And_Injuries
190,Minor_Damage_And_Injuries
191,Minor_Damage_And_Injuries
201,Minor_Damage_And_Injuries
203,Minor_Damage_And_Injuries
206,Minor_Damage_And_Injuries
217,Minor_Damage_And_Injuries
220,Minor_Damage_And_Injuries
221,Minor_Damage_And_Injuries
225,Minor_Damage_And_Injuries
229,Minor_Damage_And_Injuries
231,Minor_Damage_And_Injuries
232,Minor_Damage_And_Injuries
234,Minor_Damage_And_Injuries
236,Significant_Damage_And_Fatalities
237,Minor_Damage_And_Injuries
240,Significant_Damage_And_Fatalities
245,Minor_Damage_And_Injuries
250,Minor_Damage_And_Injuries
252,Minor_Damage_And_Injuries
254,Minor_Damage_And_Injuries
261,Minor_Damage_And_Injuries
265,Minor_Damage_And_Injuries
266,Minor_Damage_And_Injuries
271,Minor_Damage_And_Injuries
273,Minor_Damage_And_Injuries
274,Minor_Damage_And_Injuries
275,Minor_Damage_And_Injuries
280,Minor_Damage_And_Injuries
285,Minor_Damage_And_Injuries
292,Minor_Damage_And_Injuries
304,Minor_Damage_And_Injuries
311,Minor_Damage_And_Injuries
316,Minor_Damage_And_Injuries
317,Minor_Damage_And_Injuries
318,Minor_Damage_And_Injuries
321,Minor_Damage_And_Injuries
322,Minor_Damage_And_Injuries
327,Minor_Damage_And_Injuries
332,Minor_Damage_And_Injuries
338,Minor_Damage_And_Injuries
356,Minor_Damage_And_Injuries
364,Minor_Damage_And_Injuries
372,Minor_Damage_And_Injuries
379,Minor_Damage_And_Injuries
380,Minor_Damage_And_Injuries
384,Minor_Damage_And_Injuries
388,Minor_Damage_And_Injuries
390,Minor_Damage_And_Injuries
401,Minor_Damage_And_Injuries
408,Significant_Damage_And_Fatalities
413,Significant_Damage_And_Fatalities
416,Minor_Damage_And_Injuries
426,Minor_Damage_And_Injuries
428,Minor_Damage_And_Injuries
432,Minor_Damage_And_Injuries
433,Minor_Damage_And_Injuries
437,Minor_Damage_And_Injuries
440,Minor_Damage_And_Injuries
444,Minor_Damage_And_Injuries
447,Minor_Damage_And_Injuries
451,Minor_Damage_And_Injuries
461,Minor_Damage_And_Injuries
469,Minor_Damage_And_Injuries
470,Minor_Damage_And_Injuries
481,Minor_Damage_And_Injuries
483,Minor_Damage_And_Injuries
490,Minor_Damage_And_Injuries
491,Minor_Damage_And_Injuries
494,Minor_Damage_And_Injuries
495,Minor_Damage_And_Injuries
497,Minor_Damage_And_Injuries
504,Minor_Damage_And_Injuries
509,Minor_Damage_And_Injuries
511,Minor_Damage_And_Injuries
513,Significant_Damage_And_Fatalities
514,Minor_Damage_And_Injuries
518,Minor_Damage_And_Injuries
520,Minor_Damage_And_Injuries
526,Minor_Damage_And_Injuries
529,Minor_Damage_And_Injuries
530,Minor_Damage_And_Injuries
532,Minor_Damage_And_Injuries
536,Minor_Damage_And_Injuries
543,Minor_Damage_And_Injuries
553,Minor_Damage_And_Injuries
559,Minor_Damage_And_Injuries
561,Minor_Damage_And_Injuries
563,Minor_Damage_And_Injuries
566,Significant_Damage_And_Fatalities
593,Minor_Damage_And_Injuries
595,Minor_Damage_And_Injuries
597,Minor_Damage_And_Injuries
602,Minor_Damage_And_Injuries
604,Minor_Damage_And_Injuries
615,Minor_Damage_And_Injuries
617,Minor_Damage_And_Injuries
618,Minor_Damage_And_Injuries
622,Minor_Damage_And_Injuries
626,Minor_Damage_And_Injuries
633,Minor_Damage_And_Injuries
636,Minor_Damage_And_Injuries
642,Minor_Damage_And_Injuries
648,Minor_Damage_And_Injuries
651,Minor_Damage_And_Injuries
653,Minor_Damage_And_Injuries
658,Minor_Damage_And_Injuries
659,Minor_Damage_And_Injuries
660,Minor_Damage_And_Injuries
662,Minor_Damage_And_Injuries
665,Minor_Damage_And_Injuries
674,Minor_Damage_And_Injuries
676,Significant_Damage_And_Fatalities
682,Minor_Damage_And_Injuries
686,Minor_Damage_And_Injuries
687,Minor_Damage_And_Injuries
692,Minor_Damage_And_Injuries
699,Minor_Damage_And_Injuries
703,Minor_Damage_And_Injuries
706,Minor_Damage_And_Injuries
708,Minor_Damage_And_Injuries
714,Minor_Damage_And_Injuries
719,Minor_Damage_And_Injuries
721,Minor_Damage_And_Injuries
725,Minor_Damage_And_Injuries
728,Minor_Damage_And_Injuries
733,Minor_Damage_And_Injuries
735,Minor_Damage_And_Injuries
736,Minor_Damage_And_Injuries
745,Minor_Damage_And_Injuries
762,Minor_Damage_And_Injuries
768,Minor_Damage_And_Injuries
773,Minor_Damage_And_Injuries
777,Minor_Damage_And_Injuries
781,Minor_Damage_And_Injuries
782,Significant_Damage_And_Fatalities
797,Minor_Damage_And_Injuries
801,Minor_Damage_And_Injuries
815,Minor_Damage_And_Injuries
818,Significant_Damage_And_Fatalities
824,Significant_Damage_And_Fatalities
832,Minor_Damage_And_Injuries
834,Minor_Damage_And_Injuries
842,Minor_Damage_And_Injuries
850,Minor_Damage_And_Injuries
855,Minor_Damage_And_Injuries
860,Minor_Damage_And_Injuries
865,Significant_Damage_And_Fatalities
867,Minor_Damage_And_Injuries
868,Minor_Damage_And_Injuries
873,Minor_Damage_And_Injuries
876,Significant_Damage_And_Fatalities
882,Minor_Damage_And_Injuries
886,Minor_Damage_And_Injuries
887,Minor_Damage_And_Injuries
888,Minor_Damage_And_Injuries
889,Significant_Damage_And_Fatalities
898,Significant_Damage_And_Fatalities
902,Minor_Damage_And_Injuries
908,Minor_Damage_And_Injuries
909,Minor_Damage_And_Injuries
914,Minor_Damage_And_Injuries
927,Minor_Damage_And_Injuries
940,Minor_Damage_And_Injuries
944,Minor_Damage_And_Injuries
950,Significant_Damage_And_Fatalities
951,Minor_Damage_And_Injuries
953,Significant_Damage_And_Fatalities
956,Significant_Damage_And_Fatalities
967,Minor_Damage_And_Injuries
977,Minor_Damage_And_Injuries
978,Minor_Damage_And_Injuries
979,Minor_Damage_And_Injuries
982,Minor_Damage_And_Injuries
989,Minor_Damage_And_Injuries
990,Minor_Damage_And_Injuries
999,Minor_Damage_And_Injuries
1005,Minor_Damage_And_Injuries
1011,Minor_Damage_And_Injuries
1013,Minor_Damage_And_Injuries
1015,Minor_Damage_And_Injuries
1018,Minor_Damage_And_Injuries
1021,Minor_Damage_And_Injuries
1022,Minor_Damage_And_Injuries
1024,Minor_Damage_And_Injuries
1025,Minor_Damage_And_Injuries
1031,Minor_Damage_And_Injuries
1036,Minor_Damage_And_Injuries
1048,Minor_Damage_And_Injuries
1050,Minor_Damage_And_Injuries
1055,Minor_Damage_And_Injuries
1057,Minor_Damage_And_Injuries
1072,Minor_Damage_And_Injuries
1075,Minor_Damage_And_Injuries
1082,Significant_Damage_And_Fatalities
1102,Minor_Damage_And_Injuries
1103,Minor_Damage_And_Injuries
1109,Minor_Damage_And_Injuries
1114,Minor_Damage_And_Injuries
1116,Minor_Damage_And_Injuries
1123,Significant_Damage_And_Fatalities
1127,Minor_Damage_And_Injuries
1135,Minor_Damage_And_Injuries
1143,Significant_Damage_And_Fatalities
1144,Minor_Damage_And_Injuries
1147,Significant_Damage_And_Fatalities
1149,Minor_Damage_And_Injuries
1155,Significant_Damage_And_Fatalities
1158,Minor_Damage_And_Injuries
1160,Significant_Damage_And_Fatalities
1164,Minor_Damage_And_Injuries
1170,Minor_Damage_And_Injuries
1175,Minor_Damage_And_Injuries
1179,Minor_Damage_And_Injuries
1186,Minor_Damage_And_Injuries
1193,Significant_Damage_And_Fatalities
1197,Minor_Damage_And_Injuries
1198,Minor_Damage_And_Injuries
1207,Significant_Damage_And_Fatalities
1213,Minor_Damage_And_Injuries
1217,Minor_Damage_And_Injuries
1226,Minor_Damage_And_Injuries
1227,Significant_Damage_And_Fatalities
1234,Minor_Damage_And_Injuries
1238,Minor_Damage_And_Injuries
1240,Significant_Damage_And_Fatalities
1242,Minor_Damage_And_Injuries
1250,Minor_Damage_And_Injuries
1251,Minor_Damage_And_Injuries
1256,Minor_Damage_And_Injuries
1258,Minor_Damage_And_Injuries
1269,Minor_Damage_And_Injuries
1270,Minor_Damage_And_Injuries
1271,Significant_Damage_And_Fatalities
1272,Minor_Damage_And_Injuries
1279,Minor_Damage_And_Injuries
1282,Minor_Damage_And_Injuries
1284,Minor_Damage_And_Injuries
1285,Minor_Damage_And_Injuries
1286,Minor_Damage_And_Injuries
1294,Minor_Damage_And_Injuries
1305,Minor_Damage_And_Injuries
1310,Minor_Damage_And_Injuries
1312,Minor_Damage_And_Injuries
1325,Minor_Damage_And_Injuries
1333,Minor_Damage_And_Injuries
1343,Significant_Damage_And_Fatalities
1347,Significant_Damage_And_Fatalities
1348,Minor_Damage_And_Injuries
1350,Minor_Damage_And_Injuries
1355,Minor_Damage_And_Injuries
1357,Minor_Damage_And_Injuries
1371,Minor_Damage_And_Injuries
1378,Minor_Damage_And_Injuries
1393,Minor_Damage_And_Injuries
1398,Minor_Damage_And_Injuries
1405,Minor_Damage_And_Injuries
1406,Minor_Damage_And_Injuries
1407,Minor_Damage_And_Injuries
1421,Significant_Damage_And_Fatalities
1431,Minor_Damage_And_Injuries
1432,Minor_Damage_And_Injuries
1437,Minor_Damage_And_Injuries
1439,Significant_Damage_And_Fatalities
1440,Minor_Damage_And_Injuries
1441,Minor_Damage_And_Injuries
1442,Significant_Damage_And_Fatalities
1448,Minor_Damage_And_Injuries
1450,Minor_Damage_And_Injuries
1453,Minor_Damage_And_Injuries
1454,Minor_Damage_And_Injuries
1460,Minor_Damage_And_Injuries
1461,Minor_Damage_And_Injuries
1473,Minor_Damage_And_Injuries
1481,Minor_Damage_And_Injuries
1488,Minor_Damage_And_Injuries
1499,Minor_Damage_And_Injuries
1502,Minor_Damage_And_Injuries
1505,Minor_Damage_And_Injuries
1511,Minor_Damage_And_Injuries
1516,Significant_Damage_And_Fatalities
1523,Significant_Damage_And_Fatalities
1527,Significant_Damage_And_Fatalities
1560,Significant_Damage_And_Fatalities
1566,Minor_Damage_And_Injuries
1567,Significant_Damage_And_Fatalities
1568,Significant_Damage_And_Fatalities
1569,Minor_Damage_And_Injuries
1570,Significant_Damage_And_Fatalities
1576,Minor_Damage_And_Injuries
1589,Minor_Damage_And_Injuries
1592,Minor_Damage_And_Injuries
1598,Significant_Damage_And_Fatalities
1599,Minor_Damage_And_Injuries
1600,Significant_Damage_And_Fatalities
1607,Minor_Damage_And_Injuries
1608,Minor_Damage_And_Injuries
1611,Minor_Damage_And_Injuries
1613,Minor_Damage_And_Injuries
1623,Minor_Damage_And_Injuries
1647,Minor_Damage_And_Injuries
1649,Significant_Damage_And_Fatalities
1658,Significant_Damage_And_Fatalities
1662,Significant_Damage_And_Fatalities
1668,Minor_Damage_And_Injuries
1676,Significant_Damage_And_Fatalities
1678,Minor_Damage_And_Injuries
1682,Significant_Damage_And_Fatalities
1690,Minor_Damage_And_Injuries
1701,Significant_Damage_And_Fatalities
1710,Minor_Damage_And_Injuries
1723,Minor_Damage_And_Injuries
1725,Minor_Damage_And_Injuries
1747,Significant_Damage_And_Fatalities
1748,Minor_Damage_And_Injuries
1754,Significant_Damage_And_Fatalities
1756,Minor_Damage_And_Injuries
1757,Minor_Damage_And_Injuries
1770,Minor_Damage_And_Injuries
1774,Significant_Damage_And_Fatalities
1776,Minor_Damage_And_Injuries
1789,Significant_Damage_And_Fatalities
1794,Minor_Damage_And_Injuries
1804,Minor_Damage_And_Injuries
1806,Minor_Damage_And_Injuries
1807,Minor_Damage_And_Injuries
1811,Minor_Damage_And_Injuries
1814,Minor_Damage_And_Injuries
1826,Highly_Fatal_And_Damaging
1832,Significant_Damage_And_Fatalities
1835,Minor_Damage_And_Injuries
1839,Minor_Damage_And_Injuries
1840,Significant_Damage_And_Fatalities
1848,Significant_Damage_And_Fatalities
1849,Minor_Damage_And_Injuries
1850,Significant_Damage_And_Fatalities
1854,Minor_Damage_And_Injuries
1861,Minor_Damage_And_Injuries
1866,Minor_Damage_And_Injuries
1868,Minor_Damage_And_Injuries
1872,Minor_Damage_And_Injuries
1875,Minor_Damage_And_Injuries
1877,Minor_Damage_And_Injuries
1879,Highly_Fatal_And_Damaging
1880,Significant_Damage_And_Fatalities
1892,Minor_Damage_And_Injuries
1896,Minor_Damage_And_Injuries
1898,Significant_Damage_And_Fatalities
1899,Significant_Damage_And_Fatalities
1903,Significant_Damage_And_Fatalities
1909,Significant_Damage_And_Fatalities
1912,Highly_Fatal_And_Damaging
1920,Minor_Damage_And_Injuries
1933,Minor_Damage_And_Injuries
1940,Minor_Damage_And_Injuries
1941,Minor_Damage_And_Injuries
1944,Minor_Damage_And_Injuries
1946,Minor_Damage_And_Injuries
1950,Minor_Damage_And_Injuries
1955,Significant_Damage_And_Fatalities
1957,Significant_Damage_And_Fatalities
1958,Significant_Damage_And_Fatalities
1965,Minor_Damage_And_Injuries
1971,Minor_Damage_And_Injuries
1974,Significant_Damage_And_Fatalities
1980,Minor_Damage_And_Injuries
1984,Minor_Damage_And_Injuries
1990,Significant_Damage_And_Fatalities
1991,Minor_Damage_And_Injuries
1994,Minor_Damage_And_Injuries
1997,Significant_Damage_And_Fatalities
2006,Significant_Damage_And_Fatalities
2008,Minor_Damage_And_Injuries
2013,Minor_Damage_And_Injuries
2015,Significant_Damage_And_Fatalities
2016,Minor_Damage_And_Injuries
2021,Minor_Damage_And_Injuries
2023,Significant_Damage_And_Fatalities
2038,Minor_Damage_And_Injuries
2040,Significant_Damage_And_Fatalities
2048,Significant_Damage_And_Fatalities
2063,Significant_Damage_And_Fatalities
2073,Minor_Damage_And_Injuries
2075,Significant_Damage_And_Fatalities
2081,Significant_Damage_And_Fatalities
2082,Significant_Damage_And_Fatalities
2086,Minor_Damage_And_Injuries
2090,Minor_Damage_And_Injuries
2091,Significant_Damage_And_Fatalities
2094,Minor_Damage_And_Injuries
2096,Significant_Damage_And_Fatalities
2097,Minor_Damage_And_Injuries
2101,Significant_Damage_And_Fatalities
2103,Significant_Damage_And_Fatalities
2106,Minor_Damage_And_Injuries
2107,Significant_Damage_And_Fatalities
2113,Significant_Damage_And_Fatalities
2122,Minor_Damage_And_Injuries
2123,Minor_Damage_And_Injuries
2132,Minor_Damage_And_Injuries
2134,Minor_Damage_And_Injuries
2141,Minor_Damage_And_Injuries
2145,Minor_Damage_And_Injuries
2147,Minor_Damage_And_Injuries
2149,Significant_Damage_And_Fatalities
2155,Significant_Damage_And_Fatalities
2161,Significant_Damage_And_Fatalities
2177,Significant_Damage_And_Fatalities
2179,Minor_Damage_And_Injuries
2182,Minor_Damage_And_Injuries
2192,Significant_Damage_And_Fatalities
2195,Minor_Damage_And_Injuries
2196,Significant_Damage_And_Fatalities
2197,Minor_Damage_And_Injuries
2199,Significant_Damage_And_Fatalities
2204,Highly_Fatal_And_Damaging
2206,Minor_Damage_And_Injuries
2212,Minor_Damage_And_Injuries
2215,Significant_Damage_And_Fatalities
2217,Significant_Damage_And_Fatalities
2220,Significant_Damage_And_Fatalities
2222,Minor_Damage_And_Injuries
2227,Significant_Damage_And_Fatalities
2239,Highly_Fatal_And_Damaging
2241,Minor_Damage_And_Injuries
2246,Significant_Damage_And_Fatalities
2254,Minor_Damage_And_Injuries
2255,Minor_Damage_And_Injuries
2259,Significant_Damage_And_Fatalities
2263,Significant_Damage_And_Fatalities
2264,Significant_Damage_And_Fatalities
2269,Minor_Damage_And_Injuries
2281,Significant_Damage_And_Fatalities
2284,Minor_Damage_And_Injuries
2285,Significant_Damage_And_Fatalities
2292,Significant_Damage_And_Fatalities
2293,Significant_Damage_And_Fatalities
2299,Significant_Damage_And_Fatalities
2301,Significant_Damage_And_Fatalities
2302,Significant_Damage_And_Fatalities
2303,Minor_Damage_And_Injuries
2307,Minor_Damage_And_Injuries
2315,Significant_Damage_And_Fatalities
2316,Significant_Damage_And_Fatalities
2317,Minor_Damage_And_Injuries
2320,Significant_Damage_And_Fatalities
2322,Significant_Damage_And_Fatalities
2334,Significant_Damage_And_Fatalities
2336,Minor_Damage_And_Injuries
2342,Significant_Damage_And_Fatalities
2343,Minor_Damage_And_Injuries
2349,Significant_Damage_And_Fatalities
2354,Significant_Damage_And_Fatalities
2357,Minor_Damage_And_Injuries
2364,Significant_Damage_And_Fatalities
2370,Significant_Damage_And_Fatalities
2379,Significant_Damage_And_Fatalities
2389,Minor_Damage_And_Injuries
2400,Minor_Damage_And_Injuries
2402,Significant_Damage_And_Fatalities
2406,Significant_Damage_And_Fatalities
2427,Significant_Damage_And_Fatalities
2429,Minor_Damage_And_Injuries
2435,Significant_Damage_And_Fatalities
2438,Significant_Damage_And_Fatalities
2439,Significant_Damage_And_Fatalities
2449,Significant_Damage_And_Fatalities
2454,Significant_Damage_And_Fatalities
2455,Minor_Damage_And_Injuries
2462,Significant_Damage_And_Fatalities
2471,Minor_Damage_And_Injuries
2472,Significant_Damage_And_Fatalities
2475,Significant_Damage_And_Fatalities
2476,Minor_Damage_And_Injuries
2483,Significant_Damage_And_Fatalities
2485,Minor_Damage_And_Injuries
2488,Highly_Fatal_And_Damaging
2492,Significant_Damage_And_Fatalities
2494,Significant_Damage_And_Fatalities
2504,Significant_Damage_And_Fatalities
2510,Minor_Damage_And_Injuries
2516,Significant_Damage_And_Fatalities
2517,Significant_Damage_And_Fatalities
2519,Significant_Damage_And_Fatalities
2527,Minor_Damage_And_Injuries
2529,Significant_Damage_And_Fatalities
2540,Minor_Damage_And_Injuries
2546,Significant_Damage_And_Fatalities
2553,Significant_Damage_And_Fatalities
2554,Minor_Damage_And_Injuries
2558,Significant_Damage_And_Fatalities
2572,Significant_Damage_And_Fatalities
2585,Significant_Damage_And_Fatalities
2587,Significant_Damage_And_Fatalities
2597,Minor_Damage_And_Injuries
2599,Minor_Damage_And_Injuries
2600,Significant_Damage_And_Fatalities
2601,Minor_Damage_And_Injuries
2608,Significant_Damage_And_Fatalities
2613,Minor_Damage_And_Injuries
2616,Significant_Damage_And_Fatalities
2619,Minor_Damage_And_Injuries
2620,Significant_Damage_And_Fatalities
2621,Minor_Damage_And_Injuries
2622,Significant_Damage_And_Fatalities
2623,Significant_Damage_And_Fatalities
2634,Minor_Damage_And_Injuries
2636,Significant_Damage_And_Fatalities
2640,Significant_Damage_And_Fatalities
2643,Significant_Damage_And_Fatalities
2646,Significant_Damage_And_Fatalities
2651,Significant_Damage_And_Fatalities
2653,Significant_Damage_And_Fatalities
2654,Significant_Damage_And_Fatalities
2657,Highly_Fatal_And_Damaging
2658,Minor_Damage_And_Injuries
2664,Significant_Damage_And_Fatalities
2667,Significant_Damage_And_Fatalities
2668,Significant_Damage_And_Fatalities
2680,Significant_Damage_And_Fatalities
2682,Minor_Damage_And_Injuries
2692,Significant_Damage_And_Fatalities
2693,Significant_Damage_And_Fatalities
2695,Significant_Damage_And_Fatalities
2697,Significant_Damage_And_Fatalities
2698,Significant_Damage_And_Fatalities
2703,Significant_Damage_And_Fatalities
2718,Significant_Damage_And_Fatalities
2728,Significant_Damage_And_Fatalities
2729,Significant_Damage_And_Fatalities
2736,Significant_Damage_And_Fatalities
2737,Significant_Damage_And_Fatalities
2738,Significant_Damage_And_Fatalities
2739,Significant_Damage_And_Fatalities
2746,Significant_Damage_And_Fatalities
2750,Significant_Damage_And_Fatalities
2755,Highly_Fatal_And_Damaging
2764,Significant_Damage_And_Fatalities
2767,Significant_Damage_And_Fatalities
2769,Significant_Damage_And_Fatalities
2772,Significant_Damage_And_Fatalities
2777,Minor_Damage_And_Injuries
2778,Significant_Damage_And_Fatalities
2779,Significant_Damage_And_Fatalities
2780,Minor_Damage_And_Injuries
2785,Significant_Damage_And_Fatalities
2793,Significant_Damage_And_Fatalities
2801,Significant_Damage_And_Fatalities
2814,Significant_Damage_And_Fatalities
2821,Significant_Damage_And_Fatalities
2828,Significant_Damage_And_Fatalities
2834,Minor_Damage_And_Injuries
2844,Significant_Damage_And_Fatalities
2848,Significant_Damage_And_Fatalities
2850,Significant_Damage_And_Fatalities
2852,Significant_Damage_And_Fatalities
2860,Minor_Damage_And_Injuries
2861,Significant_Damage_And_Fatalities
2864,Significant_Damage_And_Fatalities
2868,Significant_Damage_And_Fatalities
2886,Significant_Damage_And_Fatalities
2887,Significant_Damage_And_Fatalities
2890,Highly_Fatal_And_Damaging
2892,Significant_Damage_And_Fatalities
2907,Minor_Damage_And_Injuries
2908,Significant_Damage_And_Fatalities
2909,Significant_Damage_And_Fatalities
2914,Minor_Damage_And_Injuries
2917,Significant_Damage_And_Fatalities
2923,Significant_Damage_And_Fatalities
2924,Significant_Damage_And_Fatalities
2934,Significant_Damage_And_Fatalities
2937,Significant_Damage_And_Fatalities
2945,Significant_Damage_And_Fatalities
2948,Significant_Damage_And_Fatalities
2950,Significant_Damage_And_Fatalities
2953,Significant_Damage_And_Fatalities
2955,Highly_Fatal_And_Damaging
2959,Significant_Damage_And_Fatalities
2971,Significant_Damage_And_Fatalities
2974,Significant_Damage_And_Fatalities
2987,Significant_Damage_And_Fatalities
2994,Significant_Damage_And_Fatalities
2995,Significant_Damage_And_Fatalities
3003,Significant_Damage_And_Fatalities
3013,Significant_Damage_And_Fatalities
3014,Minor_Damage_And_Injuries
3015,Significant_Damage_And_Fatalities
3028,Significant_Damage_And_Fatalities
3041,Significant_Damage_And_Fatalities
3053,Significant_Damage_And_Fatalities
3057,Significant_Damage_And_Fatalities
3059,Minor_Damage_And_Injuries
3060,Significant_Damage_And_Fatalities
3069,Significant_Damage_And_Fatalities
3071,Highly_Fatal_And_Damaging
3072,Significant_Damage_And_Fatalities
3082,Minor_Damage_And_Injuries
3084,Highly_Fatal_And_Damaging
3086,Significant_Damage_And_Fatalities
3098,Significant_Damage_And_Fatalities
3100,Significant_Damage_And_Fatalities
3102,Significant_Damage_And_Fatalities
3110,Significant_Damage_And_Fatalities
3111,Significant_Damage_And_Fatalities
3118,Significant_Damage_And_Fatalities
3119,Significant_Damage_And_Fatalities
3125,Significant_Damage_And_Fatalities
3133,Significant_Damage_And_Fatalities
3136,Significant_Damage_And_Fatalities
3141,Significant_Damage_And_Fatalities
3149,Significant_Damage_And_Fatalities
3150,Minor_Damage_And_Injuries
3155,Minor_Damage_And_Injuries
3156,Significant_Damage_And_Fatalities
3160,Significant_Damage_And_Fatalities
3163,Significant_Damage_And_Fatalities
3175,Significant_Damage_And_Fatalities
3180,Significant_Damage_And_Fatalities
3188,Significant_Damage_And_Fatalities
3192,Significant_Damage_And_Fatalities
3193,Significant_Damage_And_Fatalities
3197,Minor_Damage_And_Injuries
3201,Significant_Damage_And_Fatalities
3204,Significant_Damage_And_Fatalities
3206,Significant_Damage_And_Fatalities
3210,Significant_Damage_And_Fatalities
3212,Significant_Damage_And_Fatalities
3216,Significant_Damage_And_Fatalities
3239,Significant_Damage_And_Fatalities
3240,Significant_Damage_And_Fatalities
3246,Significant_Damage_And_Fatalities
3247,Significant_Damage_And_Fatalities
3252,Significant_Damage_And_Fatalities
3259,Significant_Damage_And_Fatalities
3262,Significant_Damage_And_Fatalities
3264,Significant_Damage_And_Fatalities
3275,Significant_Damage_And_Fatalities
3280,Minor_Damage_And_Injuries
3282,Significant_Damage_And_Fatalities
3289,Significant_Damage_And_Fatalities
3294,Significant_Damage_And_Fatalities
3297,Minor_Damage_And_Injuries
3299,Significant_Damage_And_Fatalities
3302,Significant_Damage_And_Fatalities
3308,Significant_Damage_And_Fatalities
3311,Significant_Damage_And_Fatalities
3315,Significant_Damage_And_Fatalities
3317,Significant_Damage_And_Fatalities
3319,Significant_Damage_And_Fatalities
3326,Significant_Damage_And_Fatalities
3330,Significant_Damage_And_Fatalities
3331,Significant_Damage_And_Fatalities
3333,Significant_Damage_And_Fatalities
3337,Highly_Fatal_And_Damaging
3344,Significant_Damage_And_Fatalities
3359,Highly_Fatal_And_Damaging
3369,Highly_Fatal_And_Damaging
3372,Significant_Damage_And_Fatalities
3373,Significant_Damage_And_Fatalities
3374,Significant_Damage_And_Fatalities
3384,Significant_Damage_And_Fatalities
3385,Significant_Damage_And_Fatalities
3395,Highly_Fatal_And_Damaging
3399,Significant_Damage_And_Fatalities
3401,Significant_Damage_And_Fatalities
3406,Significant_Damage_And_Fatalities
3410,Significant_Damage_And_Fatalities
3420,Significant_Damage_And_Fatalities
3422,Significant_Damage_And_Fatalities
3428,Significant_Damage_And_Fatalities
3431,Significant_Damage_And_Fatalities
3434,Significant_Damage_And_Fatalities
3436,Significant_Damage_And_Fatalities
3440,Significant_Damage_And_Fatalities
3443,Significant_Damage_And_Fatalities
3451,Significant_Damage_And_Fatalities
3454,Significant_Damage_And_Fatalities
3455,Significant_Damage_And_Fatalities
3456,Significant_Damage_And_Fatalities
3462,Significant_Damage_And_Fatalities
3463,Significant_Damage_And_Fatalities
3464,Significant_Damage_And_Fatalities
3470,Highly_Fatal_And_Damaging
3477,Significant_Damage_And_Fatalities
3485,Significant_Damage_And_Fatalities
3486,Significant_Damage_And_Fatalities
3489,Significant_Damage_And_Fatalities
3490,Highly_Fatal_And_Damaging
3501,Significant_Damage_And_Fatalities
3503,Significant_Damage_And_Fatalities
3510,Significant_Damage_And_Fatalities
3517,Significant_Damage_And_Fatalities
3518,Significant_Damage_And_Fatalities
3525,Significant_Damage_And_Fatalities
3526,Significant_Damage_And_Fatalities
3530,Significant_Damage_And_Fatalities
3532,Significant_Damage_And_Fatalities
3546,Significant_Damage_And_Fatalities
3548,Significant_Damage_And_Fatalities
3568,Significant_Damage_And_Fatalities
3571,Significant_Damage_And_Fatalities
3573,Significant_Damage_And_Fatalities
3577,Significant_Damage_And_Fatalities
3587,Significant_Damage_And_Fatalities
3596,Significant_Damage_And_Fatalities
3604,Significant_Damage_And_Fatalities
3606,Highly_Fatal_And_Damaging
3613,Significant_Damage_And_Fatalities
3620,Significant_Damage_And_Fatalities
3632,Significant_Damage_And_Fatalities
3638,Significant_Damage_And_Fatalities
3640,Highly_Fatal_And_Damaging
3643,Significant_Damage_And_Fatalities
3644,Significant_Damage_And_Fatalities
3645,Significant_Damage_And_Fatalities
3648,Significant_Damage_And_Fatalities
3657,Significant_Damage_And_Fatalities
3665,Significant_Damage_And_Fatalities
3670,Significant_Damage_And_Fatalities
3674,Significant_Damage_And_Fatalities
3686,Highly_Fatal_And_Damaging
3687,Significant_Damage_And_Fatalities
3692,Significant_Damage_And_Fatalities
3694,Significant_Damage_And_Fatalities
3698,Significant_Damage_And_Fatalities
3701,Highly_Fatal_And_Damaging
3725,Significant_Damage_And_Fatalities
3728,Significant_Damage_And_Fatalities
3729,Significant_Damage_And_Fatalities
3733,Significant_Damage_And_Fatalities
3743,Significant_Damage_And_Fatalities
3746,Significant_Damage_And_Fatalities
3747,Significant_Damage_And_Fatalities
3748,Significant_Damage_And_Fatalities
3749,Significant_Damage_And_Fatalities
3752,Significant_Damage_And_Fatalities
3760,Significant_Damage_And_Fatalities
3761,Significant_Damage_And_Fatalities
3762,Significant_Damage_And_Fatalities
3765,Significant_Damage_And_Fatalities
3767,Significant_Damage_And_Fatalities
3775,Significant_Damage_And_Fatalities
3780,Significant_Damage_And_Fatalities
3790,Significant_Damage_And_Fatalities
3794,Significant_Damage_And_Fatalities
3795,Significant_Damage_And_Fatalities
3806,Significant_Damage_And_Fatalities
3807,Significant_Damage_And_Fatalities
3809,Significant_Damage_And_Fatalities
3810,Significant_Damage_And_Fatalities
3811,Significant_Damage_And_Fatalities
3812,Significant_Damage_And_Fatalities
3818,Highly_Fatal_And_Damaging
3820,Significant_Damage_And_Fatalities
3821,Highly_Fatal_And_Damaging
3827,Significant_Damage_And_Fatalities
3835,Significant_Damage_And_Fatalities
3836,Significant_Damage_And_Fatalities
3839,Significant_Damage_And_Fatalities
3841,Significant_Damage_And_Fatalities
3842,Significant_Damage_And_Fatalities
3845,Significant_Damage_And_Fatalities
3854,Significant_Damage_And_Fatalities
3855,Significant_Damage_And_Fatalities
3856,Significant_Damage_And_Fatalities
3863,Significant_Damage_And_Fatalities
3865,Significant_Damage_And_Fatalities
3878,Significant_Damage_And_Fatalities
3887,Significant_Damage_And_Fatalities
3888,Highly_Fatal_And_Damaging
3889,Significant_Damage_And_Fatalities
3892,Significant_Damage_And_Fatalities
3897,Significant_Damage_And_Fatalities
3911,Significant_Damage_And_Fatalities
3912,Highly_Fatal_And_Damaging
3914,Highly_Fatal_And_Damaging
3928,Significant_Damage_And_Fatalities
3929,Significant_Damage_And_Fatalities
3933,Significant_Damage_And_Fatalities
3941,Significant_Damage_And_Fatalities
3943,Significant_Damage_And_Fatalities
3954,Significant_Damage_And_Fatalities
3960,Significant_Damage_And_Fatalities
3962,Significant_Damage_And_Fatalities
3965,Significant_Damage_And_Fatalities
3967,Significant_Damage_And_Fatalities
3968,Significant_Damage_And_Fatalities
3980,Highly_Fatal_And_Damaging
3987,Highly_Fatal_And_Damaging
3989,Significant_Damage_And_Fatalities
3990,Significant_Damage_And_Fatalities
3997,Significant_Damage_And_Fatalities
4000,Significant_Damage_And_Fatalities
4002,Significant_Damage_And_Fatalities
4006,Significant_Damage_And_Fatalities
4007,Significant_Damage_And_Fatalities
4019,Significant_Damage_And_Fatalities
4024,Significant_Damage_And_Fatalities
4026,Significant_Damage_And_Fatalities
4027,Significant_Damage_And_Fatalities
4032,Significant_Damage_And_Fatalities
4039,Significant_Damage_And_Fatalities
4040,Significant_Damage_And_Fatalities
4047,Significant_Damage_And_Fatalities
4048,Significant_Damage_And_Fatalities
4049,Significant_Damage_And_Fatalities
4050,Significant_Damage_And_Fatalities
4061,Significant_Damage_And_Fatalities
4062,Significant_Damage_And_Fatalities
4063,Significant_Damage_And_Fatalities
4070,Significant_Damage_And_Fatalities
4090,Highly_Fatal_And_Damaging
4094,Significant_Damage_And_Fatalities
4098,Significant_Damage_And_Fatalities
4099,Significant_Damage_And_Fatalities
4100,Significant_Damage_And_Fatalities
4108,Significant_Damage_And_Fatalities
4120,Significant_Damage_And_Fatalities
4129,Significant_Damage_And_Fatalities
4133,Significant_Damage_And_Fatalities
4134,Significant_Damage_And_Fatalities
4136,Significant_Damage_And_Fatalities
4139,Significant_Damage_And_Fatalities
4148,Significant_Damage_And_Fatalities
4152,Significant_Damage_And_Fatalities
4153,Significant_Damage_And_Fatalities
4157,Significant_Damage_And_Fatalities
4162,Significant_Damage_And_Fatalities
4169,Significant_Damage_And_Fatalities
4176,Significant_Damage_And_Fatalities
4181,Highly_Fatal_And_Damaging
4189,Significant_Damage_And_Fatalities
4192,Significant_Damage_And_Fatalities
4198,Significant_Damage_And_Fatalities
4207,Significant_Damage_And_Fatalities
4208,Significant_Damage_And_Fatalities
4211,Highly_Fatal_And_Damaging
4218,Significant_Damage_And_Fatalities
4223,Significant_Damage_And_Fatalities
4232,Significant_Damage_And_Fatalities
4234,Significant_Damage_And_Fatalities
4246,Significant_Damage_And_Fatalities
4253,Significant_Damage_And_Fatalities
4254,Significant_Damage_And_Fatalities
4255,Significant_Damage_And_Fatalities
4260,Significant_Damage_And_Fatalities
4267,Significant_Damage_And_Fatalities
4274,Significant_Damage_And_Fatalities
4275,Significant_Damage_And_Fatalities
4278,Significant_Damage_And_Fatalities
4281,Highly_Fatal_And_Damaging
4293,Significant_Damage_And_Fatalities
4294,Significant_Damage_And_Fatalities
4300,Highly_Fatal_And_Damaging
4307,Significant_Damage_And_Fatalities
4310,Significant_Damage_And_Fatalities
4311,Significant_Damage_And_Fatalities
4315,Significant_Damage_And_Fatalities
4330,Significant_Damage_And_Fatalities
4333,Significant_Damage_And_Fatalities
4340,Significant_Damage_And_Fatalities
4352,Significant_Damage_And_Fatalities
4360,Significant_Damage_And_Fatalities
4365,Highly_Fatal_And_Damaging
4367,Significant_Damage_And_Fatalities
4376,Significant_Damage_And_Fatalities
4378,Significant_Damage_And_Fatalities
4385,Significant_Damage_And_Fatalities
4405,Significant_Damage_And_Fatalities
4413,Significant_Damage_And_Fatalities
4414,Significant_Damage_And_Fatalities
4426,Significant_Damage_And_Fatalities
4430,Significant_Damage_And_Fatalities
4431,Significant_Damage_And_Fatalities
4438,Highly_Fatal_And_Damaging
4439,Highly_Fatal_And_Damaging
4441,Significant_Damage_And_Fatalities
4443,Significant_Damage_And_Fatalities
4449,Significant_Damage_And_Fatalities
4453,Significant_Damage_And_Fatalities
4456,Significant_Damage_And_Fatalities
4457,Significant_Damage_And_Fatalities
4459,Highly_Fatal_And_Damaging
4461,Significant_Damage_And_Fatalities
4464,Significant_Damage_And_Fatalities
4468,Significant_Damage_And_Fatalities
4476,Significant_Damage_And_Fatalities
4480,Highly_Fatal_And_Damaging
4482,Significant_Damage_And_Fatalities
4491,Significant_Damage_And_Fatalities
4493,Significant_Damage_And_Fatalities
4494,Significant_Damage_And_Fatalities
4495,Significant_Damage_And_Fatalities
4496,Significant_Damage_And_Fatalities
4503,Significant_Damage_And_Fatalities
4505,Highly_Fatal_And_Damaging
4506,Significant_Damage_And_Fatalities
4512,Significant_Damage_And_Fatalities
4516,Significant_Damage_And_Fatalities
4518,Significant_Damage_And_Fatalities
4521,Highly_Fatal_And_Damaging
4522,Significant_Damage_And_Fatalities
4529,Significant_Damage_And_Fatalities
4530,Significant_Damage_And_Fatalities
4536,Highly_Fatal_And_Damaging
4539,Significant_Damage_And_Fatalities
4543,Significant_Damage_And_Fatalities
4546,Significant_Damage_And_Fatalities
4547,Significant_Damage_And_Fatalities
4550,Significant_Damage_And_Fatalities
4564,Significant_Damage_And_Fatalities
4571,Significant_Damage_And_Fatalities
4583,Highly_Fatal_And_Damaging
4592,Significant_Damage_And_Fatalities
4594,Significant_Damage_And_Fatalities
4597,Significant_Damage_And_Fatalities
4598,Highly_Fatal_And_Damaging
4614,Significant_Damage_And_Fatalities
4617,Highly_Fatal_And_Damaging
4621,Highly_Fatal_And_Damaging
4630,Significant_Damage_And_Fatalities
4634,Significant_Damage_And_Fatalities
4638,Significant_Damage_And_Fatalities
4639,Significant_Damage_And_Fatalities
4645,Significant_Damage_And_Fatalities
4650,Significant_Damage_And_Fatalities
4651,Significant_Damage_And_Fatalities
4654,Significant_Damage_And_Fatalities
4656,Significant_Damage_And_Fatalities
4660,Significant_Damage_And_Fatalities
4665,Significant_Damage_And_Fatalities
4670,Significant_Damage_And_Fatalities
4671,Highly_Fatal_And_Damaging
4679,Highly_Fatal_And_Damaging
4682,Significant_Damage_And_Fatalities
4684,Significant_Damage_And_Fatalities
4688,Significant_Damage_And_Fatalities
4693,Significant_Damage_And_Fatalities
4712,Significant_Damage_And_Fatalities
4714,Highly_Fatal_And_Damaging
4721,Significant_Damage_And_Fatalities
4722,Highly_Fatal_And_Damaging
4724,Significant_Damage_And_Fatalities
4726,Significant_Damage_And_Fatalities
4728,Highly_Fatal_And_Damaging
4730,Significant_Damage_And_Fatalities
4735,Highly_Fatal_And_Damaging
4741,Significant_Damage_And_Fatalities
4742,Highly_Fatal_And_Damaging
4744,Significant_Damage_And_Fatalities
4746,Highly_Fatal_And_Damaging
4757,Highly_Fatal_And_Damaging
4761,Significant_Damage_And_Fatalities
4770,Significant_Damage_And_Fatalities
4772,Significant_Damage_And_Serious_Injuries
4773,Significant_Damage_And_Fatalities
4780,Highly_Fatal_And_Damaging
4783,Significant_Damage_And_Fatalities
4785,Significant_Damage_And_Fatalities
4786,Significant_Damage_And_Fatalities
4787,Significant_Damage_And_Fatalities
4793,Highly_Fatal_And_Damaging
4794,Highly_Fatal_And_Damaging
4808,Significant_Damage_And_Fatalities
4811,Significant_Damage_And_Fatalities
4831,Significant_Damage_And_Fatalities
4832,Highly_Fatal_And_Damaging
4836,Significant_Damage_And_Fatalities
4839,Significant_Damage_And_Fatalities
4842,Significant_Damage_And_Fatalities
4846,Significant_Damage_And_Fatalities
4855,Significant_Damage_And_Fatalities
4856,Significant_Damage_And_Fatalities
4859,Significant_Damage_And_Fatalities
4862,Significant_Damage_And_Fatalities
4869,Significant_Damage_And_Fatalities
4877,Significant_Damage_And_Fatalities
4878,Highly_Fatal_And_Damaging
4887,Significant_Damage_And_Fatalities
4892,Significant_Damage_And_Fatalities
4913,Significant_Damage_And_Fatalities
4914,Significant_Damage_And_Fatalities
4926,Significant_Damage_And_Fatalities
4940,Highly_Fatal_And_Damaging
4944,Highly_Fatal_And_Damaging
4959,Significant_Damage_And_Fatalities
4966,Significant_Damage_And_Fatalities
4972,Significant_Damage_And_Fatalities
4978,Significant_Damage_And_Fatalities
4981,Highly_Fatal_And_Damaging
4985,Significant_Damage_And_Fatalities
4992,Significant_Damage_And_Fatalities
4998,Significant_Damage_And_Fatalities
5000,Significant_Damage_And_Fatalities
5001,Significant_Damage_And_Fatalities
5004,Highly_Fatal_And_Damaging
5005,Significant_Damage_And_Fatalities
5016,Highly_Fatal_And_Damaging
5020,Significant_Damage_And_Fatalities
5021,Significant_Damage_And_Fatalities
5041,Significant_Damage_And_Fatalities
5045,Significant_Damage_And_Fatalities
5052,Significant_Damage_And_Fatalities
5063,Significant_Damage_And_Fatalities
5072,Significant_Damage_And_Fatalities
5074,Significant_Damage_And_Fatalities
5080,Highly_Fatal_And_Damaging
5087,Significant_Damage_And_Fatalities
5094,Significant_Damage_And_Fatalities
5099,Significant_Damage_And_Fatalities
5100,Significant_Damage_And_Fatalities
5109,Significant_Damage_And_Fatalities
5111,Significant_Damage_And_Fatalities
5115,Highly_Fatal_And_Damaging
5117,Significant_Damage_And_Fatalities
5119,Significant_Damage_And_Fatalities
5125,Significant_Damage_And_Fatalities
5126,Significant_Damage_And_Fatalities
5127,Significant_Damage_And_Fatalities
5142,Highly_Fatal_And_Damaging
5149,Significant_Damage_And_Fatalities
5160,Significant_Damage_And_Fatalities
5163,Significant_Damage_And_Fatalities
5170,Highly_Fatal_And_Damaging
5175,Highly_Fatal_And_Damaging
5184,Significant_Damage_And_Fatalities
5187,Highly_Fatal_And_Damaging
5189,Highly_Fatal_And_Damaging
5200,Significant_Damage_And_Fatalities
5202,Significant_Damage_And_Fatalities
5203,Significant_Damage_And_Fatalities
5206,Highly_Fatal_And_Damaging
5218,Significant_Damage_And_Fatalities
5224,Significant_Damage_And_Fatalities
5226,Significant_Damage_And_Fatalities
5230,Significant_Damage_And_Fatalities
5231,Significant_Damage_And_Fatalities
5232,Significant_Damage_And_Fatalities
5234,Highly_Fatal_And_Damaging
5239,Highly_Fatal_And_Damaging
5244,Highly_Fatal_And_Damaging
5245,Significant_Damage_And_Fatalities
5246,Significant_Damage_And_Fatalities
5253,Highly_Fatal_And_Damaging
5262,Significant_Damage_And_Fatalities
5268,Significant_Damage_And_Fatalities
5271,Highly_Fatal_And_Damaging
5275,Highly_Fatal_And_Damaging
5277,Significant_Damage_And_Fatalities
5278,Highly_Fatal_And_Damaging
5283,Significant_Damage_And_Fatalities
5284,Significant_Damage_And_Fatalities
5285,Highly_Fatal_And_Damaging
5288,Significant_Damage_And_Fatalities
5329,Significant_Damage_And_Fatalities
5336,Significant_Damage_And_Fatalities
5339,Significant_Damage_And_Fatalities
5340,Significant_Damage_And_Fatalities
5342,Highly_Fatal_And_Damaging
5350,Significant_Damage_And_Fatalities
5359,Significant_Damage_And_Fatalities
5376,Significant_Damage_And_Fatalities
5387,Significant_Damage_And_Fatalities
5399,Significant_Damage_And_Fatalities
5401,Significant_Damage_And_Fatalities
5423,Significant_Damage_And_Fatalities
5425,Significant_Damage_And_Fatalities
5433,Significant_Damage_And_Fatalities
5445,Significant_Damage_And_Fatalities
5451,Significant_Damage_And_Fatalities
5452,Significant_Damage_And_Fatalities
5461,Significant_Damage_And_Fatalities
5464,Significant_Damage_And_Fatalities
5465,Significant_Damage_And_Fatalities
5466,Significant_Damage_And_Fatalities
5471,Highly_Fatal_And_Damaging
5481,Highly_Fatal_And_Damaging
5482,Highly_Fatal_And_Damaging
5485,Highly_Fatal_And_Damaging
5489,Significant_Damage_And_Fatalities
5497,Significant_Damage_And_Fatalities
5505,Significant_Damage_And_Fatalities
5508,Significant_Damage_And_Fatalities
5510,Significant_Damage_And_Fatalities
5519,Highly_Fatal_And_Damaging
5531,Significant_Damage_And_Fatalities
5536,Significant_Damage_And_Fatalities
5537,Minor_Damage_And_Injuries
5538,Significant_Damage_And_Fatalities
5547,Significant_Damage_And_Fatalities
5554,Significant_Damage_And_Fatalities
5561,Significant_Damage_And_Fatalities
5563,Significant_Damage_And_Fatalities
5568,Significant_Damage_And_Fatalities
5573,Significant_Damage_And_Fatalities
5579,Highly_Fatal_And_Damaging
5583,Significant_Damage_And_Fatalities
5584,Highly_Fatal_And_Damaging
5586,Significant_Damage_And_Fatalities
5589,Highly_Fatal_And_Damaging
5595,Highly_Fatal_And_Damaging
5601,Highly_Fatal_And_Damaging
5603,Highly_Fatal_And_Damaging
5610,Significant_Damage_And_Fatalities
5618,Significant_Damage_And_Fatalities
5622,Significant_Damage_And_Fatalities
5623,Significant_Damage_And_Fatalities
5625,Significant_Damage_And_Fatalities
5630,Significant_Damage_And_Fatalities
5637,Significant_Damage_And_Fatalities
5640,Significant_Damage_And_Fatalities
5642,Highly_Fatal_And_Damaging
5643,Highly_Fatal_And_Damaging
5648,Highly_Fatal_And_Damaging
5653,Significant_Damage_And_Fatalities
5656,Significant_Damage_And_Fatalities
5666,Significant_Damage_And_Fatalities
5676,Significant_Damage_And_Fatalities
5680,Significant_Damage_And_Fatalities
5690,Significant_Damage_And_Fatalities
5700,Significant_Damage_And_Fatalities
5702,Significant_Damage_And_Fatalities
5708,Significant_Damage_And_Fatalities
5709,Significant_Damage_And_Fatalities
5714,Highly_Fatal_And_Damaging
5723,Significant_Damage_And_Fatalities
5729,Significant_Damage_And_Fatalities
5736,Significant_Damage_And_Fatalities
5744,Significant_Damage_And_Fatalities
5750,Significant_Damage_And_Fatalities
5751,Significant_Damage_And_Fatalities
5752,Highly_Fatal_And_Damaging
5753,Highly_Fatal_And_Damaging
5757,Significant_Damage_And_Fatalities
5760,Highly_Fatal_And_Damaging
5768,Significant_Damage_And_Fatalities
5772,Significant_Damage_And_Fatalities
5788,Significant_Damage_And_Fatalities
5795,Significant_Damage_And_Fatalities
5800,Significant_Damage_And_Fatalities
5806,Significant_Damage_And_Fatalities
5809,Significant_Damage_And_Fatalities
5810,Significant_Damage_And_Fatalities
5819,Significant_Damage_And_Fatalities
5822,Highly_Fatal_And_Damaging
5826,Significant_Damage_And_Fatalities
5829,Significant_Damage_And_Fatalities
5831,Highly_Fatal_And_Damaging
5833,Significant_Damage_And_Fatalities
5837,Significant_Damage_And_Fatalities
5840,Significant_Damage_And_Fatalities
5848,Significant_Damage_And_Fatalities
5852,Significant_Damage_And_Fatalities
5868,Significant_Damage_And_Fatalities
5874,Highly_Fatal_And_Damaging
5876,Significant_Damage_And_Fatalities
5883,Significant_Damage_And_Fatalities
5888,Significant_Damage_And_Fatalities
5889,Significant_Damage_And_Fatalities
5898,Highly_Fatal_And_Damaging
5899,Significant_Damage_And_Fatalities
5903,Highly_Fatal_And_Damaging
5906,Significant_Damage_And_Fatalities
5907,Highly_Fatal_And_Damaging
5914,Highly_Fatal_And_Damaging
5919,Significant_Damage_And_Fatalities
5928,Significant_Damage_And_Fatalities
5930,Significant_Damage_And_Fatalities
5936,Highly_Fatal_And_Damaging
5948,Highly_Fatal_And_Damaging
5950,Highly_Fatal_And_Damaging
5951,Highly_Fatal_And_Damaging
5954,Significant_Damage_And_Fatalities
5958,Highly_Fatal_And_Damaging
5964,Significant_Damage_And_Fatalities
5972,Highly_Fatal_And_Damaging
5979,Significant_Damage_And_Fatalities
5983,Significant_Damage_And_Fatalities
5984,Highly_Fatal_And_Damaging
5993,Highly_Fatal_And_Damaging
5997,Significant_Damage_And_Fatalities
6006,Highly_Fatal_And_Damaging
6014,Significant_Damage_And_Fatalities
6018,Highly_Fatal_And_Damaging
6019,Significant_Damage_And_Fatalities
6020,Significant_Damage_And_Fatalities
6023,Highly_Fatal_And_Damaging
6026,Significant_Damage_And_Fatalities
6030,Highly_Fatal_And_Damaging
6036,Highly_Fatal_And_Damaging
6041,Highly_Fatal_And_Damaging
6042,Significant_Damage_And_Fatalities
6044,Significant_Damage_And_Fatalities
6053,Highly_Fatal_And_Damaging
6055,Significant_Damage_And_Fatalities
6056,Highly_Fatal_And_Damaging
6063,Significant_Damage_And_Fatalities
6064,Highly_Fatal_And_Damaging
6072,Significant_Damage_And_Fatalities
6074,Significant_Damage_And_Fatalities
6075,Significant_Damage_And_Fatalities
6078,Significant_Damage_And_Fatalities
6080,Significant_Damage_And_Fatalities
6081,Significant_Damage_And_Fatalities
6082,Highly_Fatal_And_Damaging
6085,Highly_Fatal_And_Damaging
6095,Significant_Damage_And_Fatalities
6098,Significant_Damage_And_Fatalities
6104,Significant_Damage_And_Fatalities
6113,Highly_Fatal_And_Damaging
6114,Significant_Damage_And_Fatalities
6120,Significant_Damage_And_Fatalities
6121,Highly_Fatal_And_Damaging
6122,Significant_Damage_And_Fatalities
6125,Highly_Fatal_And_Damaging
6137,Highly_Fatal_And_Damaging
6139,Highly_Fatal_And_Damaging
6147,Significant_Damage_And_Fatalities
6150,Significant_Damage_And_Fatalities
6157,Highly_Fatal_And_Damaging
6162,Significant_Damage_And_Fatalities
6167,Significant_Damage_And_Fatalities
6170,Highly_Fatal_And_Damaging
6178,Significant_Damage_And_Fatalities
6185,Significant_Damage_And_Fatalities
6187,Significant_Damage_And_Fatalities
6188,Highly_Fatal_And_Damaging
6189,Significant_Damage_And_Fatalities
6190,Highly_Fatal_And_Damaging
6204,Significant_Damage_And_Fatalities
6206,Significant_Damage_And_Fatalities
6208,Highly_Fatal_And_Damaging
6212,Highly_Fatal_And_Damaging
6215,Significant_Damage_And_Fatalities
6221,Significant_Damage_And_Fatalities
6234,Significant_Damage_And_Fatalities
6240,Highly_Fatal_And_Damaging
6241,Significant_Damage_And_Fatalities
6242,Highly_Fatal_And_Damaging
6247,Significant_Damage_And_Fatalities
6250,Significant_Damage_And_Fatalities
6255,Significant_Damage_And_Fatalities
6257,Significant_Damage_And_Fatalities
6259,Highly_Fatal_And_Damaging
6260,Significant_Damage_And_Fatalities
6261,Highly_Fatal_And_Damaging
6264,Significant_Damage_And_Fatalities
6266,Highly_Fatal_And_Damaging
6274,Highly_Fatal_And_Damaging
6277,Highly_Fatal_And_Damaging
6287,Highly_Fatal_And_Damaging
6290,Significant_Damage_And_Fatalities
6296,Significant_Damage_And_Fatalities
6301,Significant_Damage_And_Fatalities
6302,Significant_Damage_And_Fatalities
6312,Highly_Fatal_And_Damaging
6318,Significant_Damage_And_Fatalities
6327,Significant_Damage_And_Fatalities
6328,Significant_Damage_And_Fatalities
6333,Significant_Damage_And_Fatalities
6336,Significant_Damage_And_Fatalities
6338,Highly_Fatal_And_Damaging
6342,Significant_Damage_And_Fatalities
6349,Significant_Damage_And_Fatalities
6358,Highly_Fatal_And_Damaging
6359,Significant_Damage_And_Fatalities
6360,Significant_Damage_And_Fatalities
6367,Highly_Fatal_And_Damaging
6377,Highly_Fatal_And_Damaging
6379,Significant_Damage_And_Fatalities
6381,Significant_Damage_And_Fatalities
6391,Highly_Fatal_And_Damaging
6400,Significant_Damage_And_Fatalities
6402,Highly_Fatal_And_Damaging
6405,Highly_Fatal_And_Damaging
6415,Significant_Damage_And_Fatalities
6416,Significant_Damage_And_Fatalities
6420,Significant_Damage_And_Fatalities
6434,Significant_Damage_And_Fatalities
6448,Significant_Damage_And_Fatalities
6451,Highly_Fatal_And_Damaging
6453,Highly_Fatal_And_Damaging
6459,Significant_Damage_And_Fatalities
6461,Highly_Fatal_And_Damaging
6467,Significant_Damage_And_Fatalities
6468,Significant_Damage_And_Fatalities
6473,Highly_Fatal_And_Damaging
6484,Highly_Fatal_And_Damaging
6486,Significant_Damage_And_Fatalities
6490,Significant_Damage_And_Fatalities
6502,Significant_Damage_And_Fatalities
6503,Significant_Damage_And_Fatalities
6507,Highly_Fatal_And_Damaging
6512,Significant_Damage_And_Fatalities
6523,Significant_Damage_And_Fatalities
6528,Highly_Fatal_And_Damaging
6530,Significant_Damage_And_Fatalities
6543,Significant_Damage_And_Fatalities
6546,Highly_Fatal_And_Damaging
6548,Highly_Fatal_And_Damaging
6551,Significant_Damage_And_Fatalities
6553,Significant_Damage_And_Fatalities
6562,Significant_Damage_And_Fatalities
6571,Highly_Fatal_And_Damaging
6572,Highly_Fatal_And_Damaging
6579,Highly_Fatal_And_Damaging
6584,Highly_Fatal_And_Damaging
6588,Highly_Fatal_And_Damaging
6596,Highly_Fatal_And_Damaging
6599,Highly_Fatal_And_Damaging
6625,Highly_Fatal_And_Damaging
6632,Significant_Damage_And_Fatalities
6641,Highly_Fatal_And_Damaging
6651,Highly_Fatal_And_Damaging
6654,Significant_Damage_And_Fatalities
6657,Highly_Fatal_And_Damaging
6665,Highly_Fatal_And_Damaging
6671,Highly_Fatal_And_Damaging
6672,Highly_Fatal_And_Damaging
6675,Highly_Fatal_And_Damaging
6676,Significant_Damage_And_Fatalities
6682,Significant_Damage_And_Fatalities
6684,Significant_Damage_And_Fatalities
6692,Significant_Damage_And_Fatalities
6694,Significant_Damage_And_Fatalities
6700,Significant_Damage_And_Fatalities
6723,Significant_Damage_And_Fatalities
6726,Significant_Damage_And_Fatalities
6729,Highly_Fatal_And_Damaging
6734,Significant_Damage_And_Fatalities
6737,Highly_Fatal_And_Damaging
6738,Significant_Damage_And_Fatalities
6745,Highly_Fatal_And_Damaging
6747,Significant_Damage_And_Fatalities
6750,Highly_Fatal_And_Damaging
6754,Significant_Damage_And_Fatalities
6755,Significant_Damage_And_Fatalities
6761,Highly_Fatal_And_Damaging
6762,Highly_Fatal_And_Damaging
6765,Significant_Damage_And_Fatalities
6769,Significant_Damage_And_Fatalities
6785,Significant_Damage_And_Fatalities
6788,Highly_Fatal_And_Damaging
6793,Significant_Damage_And_Fatalities
6796,Highly_Fatal_And_Damaging
6799,Highly_Fatal_And_Damaging
6801,Highly_Fatal_And_Damaging
6807,Significant_Damage_And_Fatalities
6811,Significant_Damage_And_Fatalities
6812,Highly_Fatal_And_Damaging
6815,Highly_Fatal_And_Damaging
6818,Significant_Damage_And_Fatalities
6828,Highly_Fatal_And_Damaging
6832,Highly_Fatal_And_Damaging
6833,Highly_Fatal_And_Damaging
6836,Highly_Fatal_And_Damaging
6839,Highly_Fatal_And_Damaging
6842,Highly_Fatal_And_Damaging
6845,Significant_Damage_And_Fatalities
6848,Highly_Fatal_And_Damaging
6849,Significant_Damage_And_Fatalities
6850,Significant_Damage_And_Fatalities
6853,Significant_Damage_And_Fatalities
6862,Highly_Fatal_And_Damaging
6864,Significant_Damage_And_Fatalities
6868,Significant_Damage_And_Fatalities
6872,Significant_Damage_And_Fatalities
6892,Highly_Fatal_And_Damaging
6895,Significant_Damage_And_Fatalities
6897,Significant_Damage_And_Fatalities
6900,Highly_Fatal_And_Damaging
6904,Highly_Fatal_And_Damaging
6907,Highly_Fatal_And_Damaging
6912,Highly_Fatal_And_Damaging
6913,Highly_Fatal_And_Damaging
6920,Significant_Damage_And_Fatalities
6922,Significant_Damage_And_Fatalities
6924,Significant_Damage_And_Fatalities
6925,Highly_Fatal_And_Damaging
6929,Highly_Fatal_And_Damaging
6933,Highly_Fatal_And_Damaging
6938,Significant_Damage_And_Fatalities
6939,Highly_Fatal_And_Damaging
6945,Significant_Damage_And_Serious_Injuries
6950,Significant_Damage_And_Fatalities
6953,Highly_Fatal_And_Damaging
6957,Highly_Fatal_And_Damaging
6961,Highly_Fatal_And_Damaging
6970,Significant_Damage_And_Fatalities
6975,Significant_Damage_And_Fatalities
6978,Highly_Fatal_And_Damaging
6979,Significant_Damage_And_Fatalities
6981,Significant_Damage_And_Fatalities
6985,Highly_Fatal_And_Damaging
6988,Significant_Damage_And_Fatalities
6989,Highly_Fatal_And_Damaging
6996,Highly_Fatal_And_Damaging
7007,Significant_Damage_And_Fatalities
7008,Highly_Fatal_And_Damaging
7016,Highly_Fatal_And_Damaging
7021,Highly_Fatal_And_Damaging
7022,Highly_Fatal_And_Damaging
7029,Significant_Damage_And_Fatalities
7035,Significant_Damage_And_Fatalities
7066,Highly_Fatal_And_Damaging
7067,Highly_Fatal_And_Damaging
7068,Significant_Damage_And_Fatalities
7069,Highly_Fatal_And_Damaging
7072,Highly_Fatal_And_Damaging
7077,Highly_Fatal_And_Damaging
7079,Highly_Fatal_And_Damaging
7080,Highly_Fatal_And_Damaging
7090,Highly_Fatal_And_Damaging
7091,Highly_Fatal_And_Damaging
7092,Highly_Fatal_And_Damaging
7093,Highly_Fatal_And_Damaging
7109,Significant_Damage_And_Fatalities
7114,Highly_Fatal_And_Damaging
7118,Highly_Fatal_And_Damaging
7122,Highly_Fatal_And_Damaging
7124,Highly_Fatal_And_Damaging
7126,Highly_Fatal_And_Damaging
7132,Highly_Fatal_And_Damaging
7140,Highly_Fatal_And_Damaging
7154,Significant_Damage_And_Fatalities
7156,Highly_Fatal_And_Damaging
7158,Significant_Damage_And_Fatalities
7172,Highly_Fatal_And_Damaging
7173,Significant_Damage_And_Fatalities
7174,Significant_Damage_And_Fatalities
7176,Highly_Fatal_And_Damaging
7177,Highly_Fatal_And_Damaging
7179,Highly_Fatal_And_Damaging
7181,Highly_Fatal_And_Damaging
7182,Highly_Fatal_And_Damaging
7191,Significant_Damage_And_Fatalities
7194,Highly_Fatal_And_Damaging
7195,Significant_Damage_And_Fatalities
7200,Highly_Fatal_And_Damaging
7201,Significant_Damage_And_Fatalities
7205,Significant_Damage_And_Fatalities
7208,Significant_Damage_And_Fatalities
7209,Highly_Fatal_And_Damaging
7210,Significant_Damage_And_Fatalities
7212,Highly_Fatal_And_Damaging
7213,Highly_Fatal_And_Damaging
7216,Highly_Fatal_And_Damaging
7218,Significant_Damage_And_Fatalities
7221,Highly_Fatal_And_Damaging
7222,Significant_Damage_And_Fatalities
7223,Significant_Damage_And_Fatalities
7232,Highly_Fatal_And_Damaging
7244,Significant_Damage_And_Fatalities
7253,Highly_Fatal_And_Damaging
7255,Highly_Fatal_And_Damaging
7267,Highly_Fatal_And_Damaging
7269,Significant_Damage_And_Fatalities
7279,Highly_Fatal_And_Damaging
7284,Highly_Fatal_And_Damaging
7294,Highly_Fatal_And_Damaging
7296,Highly_Fatal_And_Damaging
7298,Significant_Damage_And_Fatalities
7307,Significant_Damage_And_Fatalities
7323,Significant_Damage_And_Fatalities
7333,Highly_Fatal_And_Damaging
7335,Significant_Damage_And_Fatalities
7336,Highly_Fatal_And_Damaging
7338,Highly_Fatal_And_Damaging
7345,Highly_Fatal_And_Damaging
7346,Significant_Damage_And_Fatalities
7348,Highly_Fatal_And_Damaging
7349,Significant_Damage_And_Fatalities
7353,Highly_Fatal_And_Damaging
7354,Significant_Damage_And_Fatalities
7355,Highly_Fatal_And_Damaging
7356,Highly_Fatal_And_Damaging
7367,Significant_Damage_And_Fatalities
7370,Significant_Damage_And_Fatalities
7375,Highly_Fatal_And_Damaging
7384,Significant_Damage_And_Fatalities
7392,Significant_Damage_And_Fatalities
7394,Highly_Fatal_And_Damaging
7395,Significant_Damage_And_Fatalities
7401,Highly_Fatal_And_Damaging
7402,Highly_Fatal_And_Damaging
7407,Highly_Fatal_And_Damaging
7420,Significant_Damage_And_Fatalities
7437,Highly_Fatal_And_Damaging
7455,Highly_Fatal_And_Damaging
7460,Significant_Damage_And_Fatalities
7476,Highly_Fatal_And_Damaging
7478,Highly_Fatal_And_Damaging
7484,Highly_Fatal_And_Damaging
7491,Highly_Fatal_And_Damaging
7492,Significant_Damage_And_Fatalities
7495,Highly_Fatal_And_Damaging
7503,Highly_Fatal_And_Damaging
7505,Highly_Fatal_And_Damaging
7506,Significant_Damage_And_Fatalities
7508,Highly_Fatal_And_Damaging
7513,Significant_Damage_And_Fatalities
7526,Highly_Fatal_And_Damaging
7530,Highly_Fatal_And_Damaging
7534,Highly_Fatal_And_Damaging
7537,Significant_Damage_And_Fatalities
7541,Significant_Damage_And_Fatalities
7542,Significant_Damage_And_Fatalities
7548,Significant_Damage_And_Fatalities
7551,Significant_Damage_And_Fatalities
7553,Highly_Fatal_And_Damaging
7554,Highly_Fatal_And_Damaging
7557,Significant_Damage_And_Fatalities
7563,Highly_Fatal_And_Damaging
7568,Highly_Fatal_And_Damaging
7581,Significant_Damage_And_Fatalities
7582,Significant_Damage_And_Fatalities
7587,Highly_Fatal_And_Damaging
7617,Highly_Fatal_And_Damaging
7621,Highly_Fatal_And_Damaging
7623,Highly_Fatal_And_Damaging
7633,Highly_Fatal_And_Damaging
7639,Highly_Fatal_And_Damaging
7654,Highly_Fatal_And_Damaging
7660,Highly_Fatal_And_Damaging
7661,Highly_Fatal_And_Damaging
7662,Significant_Damage_And_Fatalities
7663,Highly_Fatal_And_Damaging
7664,Highly_Fatal_And_Damaging
7665,Significant_Damage_And_Fatalities
7668,Highly_Fatal_And_Damaging
7682,Significant_Damage_And_Fatalities
7683,Highly_Fatal_And_Damaging
7684,Highly_Fatal_And_Damaging
7687,Significant_Damage_And_Fatalities
7691,Highly_Fatal_And_Damaging
7701,Significant_Damage_And_Fatalities
7702,Highly_Fatal_And_Damaging
7705,Highly_Fatal_And_Damaging
7711,Highly_Fatal_And_Damaging
7714,Highly_Fatal_And_Damaging
7716,Highly_Fatal_And_Damaging
7725,Highly_Fatal_And_Damaging
7726,Highly_Fatal_And_Damaging
7732,Highly_Fatal_And_Damaging
7748,Significant_Damage_And_Fatalities
7755,Highly_Fatal_And_Damaging
7759,Highly_Fatal_And_Damaging
7763,Significant_Damage_And_Fatalities
7767,Highly_Fatal_And_Damaging
7769,Highly_Fatal_And_Damaging
7781,Highly_Fatal_And_Damaging
7783,Highly_Fatal_And_Damaging
7790,Highly_Fatal_And_Damaging
7798,Highly_Fatal_And_Damaging
7810,Highly_Fatal_And_Damaging
7821,Significant_Damage_And_Serious_Injuries
7824,Highly_Fatal_And_Damaging
7828,Highly_Fatal_And_Damaging
7838,Highly_Fatal_And_Damaging
7841,Highly_Fatal_And_Damaging
7847,Highly_Fatal_And_Damaging
7852,Significant_Damage_And_Fatalities
7854,Highly_Fatal_And_Damaging
7857,Highly_Fatal_And_Damaging
7867,Highly_Fatal_And_Damaging
7868,Highly_Fatal_And_Damaging
7869,Highly_Fatal_And_Damaging
7871,Significant_Damage_And_Fatalities
7872,Significant_Damage_And_Fatalities
7885,Highly_Fatal_And_Damaging
7889,Significant_Damage_And_Fatalities
7902,Highly_Fatal_And_Damaging
7917,Highly_Fatal_And_Damaging
7918,Significant_Damage_And_Fatalities
7919,Significant_Damage_And_Fatalities
7926,Highly_Fatal_And_Damaging
7927,Significant_Damage_And_Fatalities
7928,Highly_Fatal_And_Damaging
7947,Highly_Fatal_And_Damaging
7950,Highly_Fatal_And_Damaging
7952,Highly_Fatal_And_Damaging
7955,Significant_Damage_And_Fatalities
7966,Highly_Fatal_And_Damaging
7981,Highly_Fatal_And_Damaging
7987,Significant_Damage_And_Fatalities
7996,Highly_Fatal_And_Damaging
7997,Highly_Fatal_And_Damaging
8012,Significant_Damage_And_Fatalities
8018,Significant_Damage_And_Fatalities
8020,Significant_Damage_And_Fatalities
8021,Significant_Damage_And_Fatalities
8028,Highly_Fatal_And_Damaging
8031,Significant_Damage_And_Fatalities
8034,Highly_Fatal_And_Damaging
8039,Significant_Damage_And_Fatalities
8044,Significant_Damage_And_Fatalities
8046,Highly_Fatal_And_Damaging
8049,Highly_Fatal_And_Damaging
8052,Highly_Fatal_And_Damaging
8054,Highly_Fatal_And_Damaging
8057,Highly_Fatal_And_Damaging
8058,Significant_Damage_And_Fatalities
8061,Highly_Fatal_And_Damaging
8074,Highly_Fatal_And_Damaging
8075,Significant_Damage_And_Fatalities
8078,Highly_Fatal_And_Damaging
8081,Highly_Fatal_And_Damaging
8084,Significant_Damage_And_Fatalities
8088,Significant_Damage_And_Fatalities
8089,Highly_Fatal_And_Damaging
8090,Highly_Fatal_And_Damaging
8097,Highly_Fatal_And_Damaging
8101,Significant_Damage_And_Fatalities
8105,Significant_Damage_And_Fatalities
8115,Highly_Fatal_And_Damaging
8122,Highly_Fatal_And_Damaging
8125,Highly_Fatal_And_Damaging
8132,Highly_Fatal_And_Damaging
8133,Highly_Fatal_And_Damaging
8136,Highly_Fatal_And_Damaging
8138,Significant_Damage_And_Fatalities
8144,Highly_Fatal_And_Damaging
8146,Highly_Fatal_And_Damaging
8150,Highly_Fatal_And_Damaging
8152,Highly_Fatal_And_Damaging
8157,Highly_Fatal_And_Damaging
8167,Highly_Fatal_And_Damaging
8172,Highly_Fatal_And_Damaging
8178,Highly_Fatal_And_Damaging
8184,Significant_Damage_And_Fatalities
8186,Highly_Fatal_And_Damaging
8187,Highly_Fatal_And_Damaging
8190,Significant_Damage_And_Fatalities
8198,Highly_Fatal_And_Damaging
8200,Highly_Fatal_And_Damaging
8206,Highly_Fatal_And_Damaging
8217,Highly_Fatal_And_Damaging
8221,Highly_Fatal_And_Damaging
8224,Highly_Fatal_And_Damaging
8230,Highly_Fatal_And_Damaging
8233,Highly_Fatal_And_Damaging
8237,Significant_Damage_And_Fatalities
8239,Highly_Fatal_And_Damaging
8240,Highly_Fatal_And_Damaging
8242,Significant_Damage_And_Fatalities
8243,Highly_Fatal_And_Damaging
8246,Highly_Fatal_And_Damaging
8251,Highly_Fatal_And_Damaging
8253,Highly_Fatal_And_Damaging
8268,Highly_Fatal_And_Damaging
8269,Highly_Fatal_And_Damaging
8277,Significant_Damage_And_Fatalities
8287,Highly_Fatal_And_Damaging
8294,Highly_Fatal_And_Damaging
8297,Highly_Fatal_And_Damaging
8314,Highly_Fatal_And_Damaging
8315,Highly_Fatal_And_Damaging
8317,Highly_Fatal_And_Damaging
8319,Highly_Fatal_And_Damaging
8322,Highly_Fatal_And_Damaging
8327,Significant_Damage_And_Fatalities
8329,Significant_Damage_And_Fatalities
8336,Highly_Fatal_And_Damaging
8345,Highly_Fatal_And_Damaging
8361,Highly_Fatal_And_Damaging
8362,Significant_Damage_And_Fatalities
8365,Highly_Fatal_And_Damaging
8369,Significant_Damage_And_Fatalities
8372,Highly_Fatal_And_Damaging
8374,Highly_Fatal_And_Damaging
8376,Significant_Damage_And_Fatalities
8377,Significant_Damage_And_Fatalities
8388,Highly_Fatal_And_Damaging
8389,Highly_Fatal_And_Damaging
8390,Highly_Fatal_And_Damaging
8395,Highly_Fatal_And_Damaging
8402,Highly_Fatal_And_Damaging
8412,Highly_Fatal_And_Damaging
8419,Highly_Fatal_And_Damaging
8426,Significant_Damage_And_Fatalities
8428,Highly_Fatal_And_Damaging
8429,Highly_Fatal_And_Damaging
8431,Significant_Damage_And_Serious_Injuries
8450,Highly_Fatal_And_Damaging
8456,Significant_Damage_And_Fatalities
8463,Highly_Fatal_And_Damaging
8490,Highly_Fatal_And_Damaging
8491,Significant_Damage_And_Fatalities
8496,Highly_Fatal_And_Damaging
8507,Significant_Damage_And_Fatalities
8513,Highly_Fatal_And_Damaging
8517,Highly_Fatal_And_Damaging
8519,Highly_Fatal_And_Damaging
8524,Significant_Damage_And_Fatalities
8542,Significant_Damage_And_Fatalities
8543,Highly_Fatal_And_Damaging
8551,Significant_Damage_And_Fatalities
8553,Significant_Damage_And_Fatalities
8562,Highly_Fatal_And_Damaging
8567,Significant_Damage_And_Fatalities
8571,Highly_Fatal_And_Damaging
8574,Highly_Fatal_And_Damaging
8575,Highly_Fatal_And_Damaging
8576,Significant_Damage_And_Fatalities
8586,Highly_Fatal_And_Damaging
8587,Significant_Damage_And_Fatalities
8590,Significant_Damage_And_Fatalities
8594,Highly_Fatal_And_Damaging
8596,Highly_Fatal_And_Damaging
8599,Highly_Fatal_And_Damaging
8604,Significant_Damage_And_Fatalities
8606,Highly_Fatal_And_Damaging
8620,Significant_Damage_And_Fatalities
8623,Highly_Fatal_And_Damaging
8643,Highly_Fatal_And_Damaging
8652,Significant_Damage_And_Fatalities
8653,Highly_Fatal_And_Damaging
8655,Significant_Damage_And_Fatalities
8657,Highly_Fatal_And_Damaging
8663,Highly_Fatal_And_Damaging
8665,Highly_Fatal_And_Damaging
8685,Highly_Fatal_And_Damaging
8715,Highly_Fatal_And_Damaging
8719,Highly_Fatal_And_Damaging
8724,Highly_Fatal_And_Damaging
8725,Highly_Fatal_And_Damaging
8726,Significant_Damage_And_Fatalities
8728,Highly_Fatal_And_Damaging
8729,Highly_Fatal_And_Damaging
8730,Significant_Damage_And_Fatalities
8737,Highly_Fatal_And_Damaging
8743,Highly_Fatal_And_Damaging
8744,Highly_Fatal_And_Damaging
8747,Significant_Damage_And_Fatalities
8749,Highly_Fatal_And_Damaging
8751,Highly_Fatal_And_Damaging
8754,Highly_Fatal_And_Damaging
8756,Highly_Fatal_And_Damaging
8759,Highly_Fatal_And_Damaging
8767,Highly_Fatal_And_Damaging
8772,Highly_Fatal_And_Damaging
8773,Significant_Damage_And_Fatalities
8776,Highly_Fatal_And_Damaging
8780,Highly_Fatal_And_Damaging
8781,Highly_Fatal_And_Damaging
8786,Significant_Damage_And_Fatalities
8791,Highly_Fatal_And_Damaging
8793,Significant_Damage_And_Fatalities
8796,Highly_Fatal_And_Damaging
8798,Highly_Fatal_And_Damaging
8804,Highly_Fatal_And_Damaging
8812,Highly_Fatal_And_Damaging
8815,Highly_Fatal_And_Damaging
8862,Highly_Fatal_And_Damaging
8867,Highly_Fatal_And_Damaging
8870,Highly_Fatal_And_Damaging
8873,Highly_Fatal_And_Damaging
8875,Significant_Damage_And_Fatalities
8881,Highly_Fatal_And_Damaging
8882,Significant_Damage_And_Fatalities
8901,Highly_Fatal_And_Damaging
8903,Significant_Damage_And_Fatalities
8905,Highly_Fatal_And_Damaging
8908,Highly_Fatal_And_Damaging
8909,Highly_Fatal_And_Damaging
8913,Highly_Fatal_And_Damaging
8916,Highly_Fatal_And_Damaging
8931,Highly_Fatal_And_Damaging
8936,Highly_Fatal_And_Damaging
8943,Highly_Fatal_And_Damaging
8944,Highly_Fatal_And_Damaging
8961,Highly_Fatal_And_Damaging
8970,Highly_Fatal_And_Damaging
8976,Highly_Fatal_And_Damaging
8983,Highly_Fatal_And_Damaging
8989,Highly_Fatal_And_Damaging
8998,Significant_Damage_And_Fatalities
8999,Highly_Fatal_And_Damaging
9002,Highly_Fatal_And_Damaging
9013,Highly_Fatal_And_Damaging
9014,Highly_Fatal_And_Damaging
9018,Highly_Fatal_And_Damaging
9026,Significant_Damage_And_Fatalities
9027,Highly_Fatal_And_Damaging
9033,Highly_Fatal_And_Damaging
9035,Highly_Fatal_And_Damaging
9040,Significant_Damage_And_Fatalities
9047,Highly_Fatal_And_Damaging
9049,Highly_Fatal_And_Damaging
9051,Highly_Fatal_And_Damaging
9057,Highly_Fatal_And_Damaging
9072,Highly_Fatal_And_Damaging
9078,Highly_Fatal_And_Damaging
9080,Highly_Fatal_And_Damaging
9081,Highly_Fatal_And_Damaging
9083,Highly_Fatal_And_Damaging
9088,Significant_Damage_And_Fatalities
9089,Highly_Fatal_And_Damaging
9109,Highly_Fatal_And_Damaging
9111,Highly_Fatal_And_Damaging
9113,Highly_Fatal_And_Damaging
9117,Significant_Damage_And_Fatalities
9119,Highly_Fatal_And_Damaging
9123,Highly_Fatal_And_Damaging
9127,Highly_Fatal_And_Damaging
9135,Highly_Fatal_And_Damaging
9139,Highly_Fatal_And_Damaging
9143,Significant_Damage_And_Fatalities
9148,Highly_Fatal_And_Damaging
9160,Highly_Fatal_And_Damaging
9166,Highly_Fatal_And_Damaging
9176,Highly_Fatal_And_Damaging
9177,Significant_Damage_And_Serious_Injuries
9178,Highly_Fatal_And_Damaging
9181,Highly_Fatal_And_Damaging
9185,Highly_Fatal_And_Damaging
9187,Highly_Fatal_And_Damaging
9192,Significant_Damage_And_Fatalities
9200,Highly_Fatal_And_Damaging
9212,Highly_Fatal_And_Damaging
9219,Highly_Fatal_And_Damaging
9230,Highly_Fatal_And_Damaging
9231,Highly_Fatal_And_Damaging
9232,Highly_Fatal_And_Damaging
9239,Significant_Damage_And_Fatalities
9242,Highly_Fatal_And_Damaging
9245,Highly_Fatal_And_Damaging
9247,Highly_Fatal_And_Damaging
9250,Highly_Fatal_And_Damaging
9252,Highly_Fatal_And_Damaging
9257,Significant_Damage_And_Fatalities
9260,Highly_Fatal_And_Damaging
9264,Highly_Fatal_And_Damaging
9266,Highly_Fatal_And_Damaging
9270,Highly_Fatal_And_Damaging
9274,Highly_Fatal_And_Damaging
9279,Highly_Fatal_And_Damaging
9281,Significant_Damage_And_Serious_Injuries
9282,Highly_Fatal_And_Damaging
9283,Highly_Fatal_And_Damaging
9292,Highly_Fatal_And_Damaging
9300,Highly_Fatal_And_Damaging
9302,Significant_Damage_And_Fatalities
9303,Highly_Fatal_And_Damaging
9308,Highly_Fatal_And_Damaging
9313,Highly_Fatal_And_Damaging
9321,Highly_Fatal_And_Damaging
9324,Highly_Fatal_And_Damaging
9333,Significant_Damage_And_Fatalities
9340,Significant_Damage_And_Fatalities
9349,Highly_Fatal_And_Damaging
9351,Highly_Fatal_And_Damaging
9352,Highly_Fatal_And_Damaging
9353,Highly_Fatal_And_Damaging
9359,Highly_Fatal_And_Damaging
9363,Highly_Fatal_And_Damaging
9365,Highly_Fatal_And_Damaging
9373,Highly_Fatal_And_Damaging
9377,Highly_Fatal_And_Damaging
9383,Highly_Fatal_And_Damaging
9389,Highly_Fatal_And_Damaging
9392,Highly_Fatal_And_Damaging
9400,Highly_Fatal_And_Damaging
9401,Highly_Fatal_And_Damaging
9407,Highly_Fatal_And_Damaging
9408,Highly_Fatal_And_Damaging
9417,Highly_Fatal_And_Damaging
9423,Highly_Fatal_And_Damaging
9424,Highly_Fatal_And_Damaging
9430,Highly_Fatal_And_Damaging
9449,Highly_Fatal_And_Damaging
9452,Highly_Fatal_And_Damaging
9453,Highly_Fatal_And_Damaging
9456,Significant_Damage_And_Fatalities
9461,Highly_Fatal_And_Damaging
9463,Significant_Damage_And_Fatalities
9465,Highly_Fatal_And_Damaging
9471,Highly_Fatal_And_Damaging
9484,Highly_Fatal_And_Damaging
9489,Highly_Fatal_And_Damaging
9495,Highly_Fatal_And_Damaging
9508,Significant_Damage_And_Serious_Injuries
9515,Highly_Fatal_And_Damaging
9521,Highly_Fatal_And_Damaging
9528,Highly_Fatal_And_Damaging
9534,Highly_Fatal_And_Damaging
9539,Highly_Fatal_And_Damaging
9540,Highly_Fatal_And_Damaging
9553,Significant_Damage_And_Serious_Injuries
9557,Highly_Fatal_And_Damaging
9565,Significant_Damage_And_Fatalities
9572,Highly_Fatal_And_Damaging
9583,Significant_Damage_And_Fatalities
9584,Highly_Fatal_And_Damaging
9585,Highly_Fatal_And_Damaging
9588,Highly_Fatal_And_Damaging
9591,Significant_Damage_And_Fatalities
9595,Highly_Fatal_And_Damaging
9602,Significant_Damage_And_Fatalities
9612,Highly_Fatal_And_Damaging
9615,Highly_Fatal_And_Damaging
9622,Highly_Fatal_And_Damaging
9632,Highly_Fatal_And_Damaging
9636,Highly_Fatal_And_Damaging
9640,Highly_Fatal_And_Damaging
9641,Highly_Fatal_And_Damaging
9648,Highly_Fatal_And_Damaging
9659,Highly_Fatal_And_Damaging
9667,Highly_Fatal_And_Damaging
9669,Highly_Fatal_And_Damaging
9672,Highly_Fatal_And_Damaging
9689,Highly_Fatal_And_Damaging
9694,Highly_Fatal_And_Damaging
9695,Highly_Fatal_And_Damaging
9696,Highly_Fatal_And_Damaging
9699,Highly_Fatal_And_Damaging
9717,Highly_Fatal_And_Damaging
9720,Highly_Fatal_And_Damaging
9721,Highly_Fatal_And_Damaging
9729,Highly_Fatal_And_Damaging
9736,Highly_Fatal_And_Damaging
9740,Highly_Fatal_And_Damaging
9746,Highly_Fatal_And_Damaging
9748,Significant_Damage_And_Fatalities
9750,Highly_Fatal_And_Damaging
9751,Highly_Fatal_And_Damaging
9755,Highly_Fatal_And_Damaging
9757,Highly_Fatal_And_Damaging
9759,Highly_Fatal_And_Damaging
9761,Highly_Fatal_And_Damaging
9770,Highly_Fatal_And_Damaging
9778,Highly_Fatal_And_Damaging
9779,Highly_Fatal_And_Damaging
9783,Highly_Fatal_And_Damaging
9784,Highly_Fatal_And_Damaging
9791,Highly_Fatal_And_Damaging
9798,Highly_Fatal_And_Damaging
9804,Highly_Fatal_And_Damaging
9809,Highly_Fatal_And_Damaging
9811,Highly_Fatal_And_Damaging
9817,Highly_Fatal_And_Damaging
9818,Highly_Fatal_And_Damaging
9819,Highly_Fatal_And_Damaging
9820,Highly_Fatal_And_Damaging
9838,Highly_Fatal_And_Damaging
9840,Highly_Fatal_And_Damaging
9856,Highly_Fatal_And_Damaging
9858,Highly_Fatal_And_Damaging
9861,Highly_Fatal_And_Damaging
9864,Highly_Fatal_And_Damaging
9866,Highly_Fatal_And_Damaging
9889,Highly_Fatal_And_Damaging
9890,Highly_Fatal_And_Damaging
9894,Highly_Fatal_And_Damaging
9896,Highly_Fatal_And_Damaging
9900,Highly_Fatal_And_Damaging
9901,Highly_Fatal_And_Damaging
9903,Highly_Fatal_And_Damaging
9905,Highly_Fatal_And_Damaging
9906,Highly_Fatal_And_Damaging
9912,Highly_Fatal_And_Damaging
9913,Highly_Fatal_And_Damaging
9915,Highly_Fatal_And_Damaging
9918,Highly_Fatal_And_Damaging
9919,Highly_Fatal_And_Damaging
9920,Highly_Fatal_And_Damaging
9924,Significant_Damage_And_Serious_Injuries
9925,Highly_Fatal_And_Damaging
9930,Highly_Fatal_And_Damaging
9936,Highly_Fatal_And_Damaging
9939,Highly_Fatal_And_Damaging
9945,Highly_Fatal_And_Damaging
9947,Highly_Fatal_And_Damaging
9948,Significant_Damage_And_Fatalities
9956,Highly_Fatal_And_Damaging
9963,Highly_Fatal_And_Damaging
9965,Highly_Fatal_And_Damaging
9969,Highly_Fatal_And_Damaging
9972,Highly_Fatal_And_Damaging
9980,Highly_Fatal_And_Damaging
9985,Significant_Damage_And_Fatalities
9991,Highly_Fatal_And_Damaging
9999,Highly_Fatal_And_Damaging
10000,Highly_Fatal_And_Damaging
10002,Highly_Fatal_And_Damaging
10004,Significant_Damage_And_Fatalities
10006,Highly_Fatal_And_Damaging
10008,Highly_Fatal_And_Damaging
10024,Highly_Fatal_And_Damaging
10032,Highly_Fatal_And_Damaging
10038,Highly_Fatal_And_Damaging
10054,Highly_Fatal_And_Damaging
10057,Highly_Fatal_And_Damaging
10062,Highly_Fatal_And_Damaging
10069,Highly_Fatal_And_Damaging
10074,Highly_Fatal_And_Damaging
10085,Highly_Fatal_And_Damaging
10086,Highly_Fatal_And_Damaging
10089,Significant_Damage_And_Fatalities
10092,Highly_Fatal_And_Damaging
10102,Highly_Fatal_And_Damaging
10104,Highly_Fatal_And_Damaging
10112,Highly_Fatal_And_Damaging
10114,Highly_Fatal_And_Damaging
10129,Highly_Fatal_And_Damaging
10134,Highly_Fatal_And_Damaging
10138,Highly_Fatal_And_Damaging
10145,Highly_Fatal_And_Damaging
10152,Highly_Fatal_And_Damaging
10156,Highly_Fatal_And_Damaging
10171,Significant_Damage_And_Fatalities
10182,Highly_Fatal_And_Damaging
10183,Highly_Fatal_And_Damaging
10185,Highly_Fatal_And_Damaging
10194,Highly_Fatal_And_Damaging
10199,Highly_Fatal_And_Damaging
10212,Highly_Fatal_And_Damaging
10220,Highly_Fatal_And_Damaging
10222,Highly_Fatal_And_Damaging
10233,Highly_Fatal_And_Damaging
10235,Highly_Fatal_And_Damaging
10236,Highly_Fatal_And_Damaging
10243,Highly_Fatal_And_Damaging
10247,Highly_Fatal_And_Damaging
10251,Highly_Fatal_And_Damaging
10253,Highly_Fatal_And_Damaging
10263,Highly_Fatal_And_Damaging
10273,Highly_Fatal_And_Damaging
10276,Highly_Fatal_And_Damaging
10282,Highly_Fatal_And_Damaging
10291,Highly_Fatal_And_Damaging
10298,Highly_Fatal_And_Damaging
10300,Highly_Fatal_And_Damaging
10303,Highly_Fatal_And_Damaging
10306,Highly_Fatal_And_Damaging
10307,Highly_Fatal_And_Damaging
10310,Highly_Fatal_And_Damaging
10316,Highly_Fatal_And_Damaging
10324,Highly_Fatal_And_Damaging
10325,Highly_Fatal_And_Damaging
10331,Highly_Fatal_And_Damaging
10332,Highly_Fatal_And_Damaging
10338,Highly_Fatal_And_Damaging
10351,Highly_Fatal_And_Damaging
10358,Highly_Fatal_And_Damaging
10359,Highly_Fatal_And_Damaging
10360,Significant_Damage_And_Fatalities
10366,Highly_Fatal_And_Damaging
10372,Highly_Fatal_And_Damaging
10374,Highly_Fatal_And_Damaging
10390,Highly_Fatal_And_Damaging
10400,Highly_Fatal_And_Damaging
10404,Highly_Fatal_And_Damaging
10406,Highly_Fatal_And_Damaging
10425,Highly_Fatal_And_Damaging
10442,Highly_Fatal_And_Damaging
10452,Highly_Fatal_And_Damaging
10465,Highly_Fatal_And_Damaging
10467,Highly_Fatal_And_Damaging
10480,Highly_Fatal_And_Damaging
10483,Highly_Fatal_And_Damaging
10486,Highly_Fatal_And_Damaging
10490,Highly_Fatal_And_Damaging
10491,Highly_Fatal_And_Damaging
10495,Highly_Fatal_And_Damaging
10496,Highly_Fatal_And_Damaging
10504,Highly_Fatal_And_Damaging
10506,Highly_Fatal_And_Damaging
10508,Highly_Fatal_And_Damaging
10514,Highly_Fatal_And_Damaging
10515,Highly_Fatal_And_Damaging
10517,Highly_Fatal_And_Damaging
10518,Significant_Damage_And_Serious_Injuries
10520,Highly_Fatal_And_Damaging
10527,Highly_Fatal_And_Damaging
10535,Highly_Fatal_And_Damaging
10536,Highly_Fatal_And_Damaging
10547,Highly_Fatal_And_Damaging
10553,Highly_Fatal_And_Damaging
10555,Highly_Fatal_And_Damaging
10556,Highly_Fatal_And_Damaging
10557,Highly_Fatal_And_Damaging
10560,Highly_Fatal_And_Damaging
10572,Significant_Damage_And_Serious_Injuries
10573,Highly_Fatal_And_Damaging
10582,Highly_Fatal_And_Damaging
10587,Highly_Fatal_And_Damaging
10588,Highly_Fatal_And_Damaging
10596,Highly_Fatal_And_Damaging
10600,Highly_Fatal_And_Damaging
10601,Significant_Damage_And_Serious_Injuries
10604,Highly_Fatal_And_Damaging
10607,Significant_Damage_And_Fatalities
10613,Highly_Fatal_And_Damaging
10618,Highly_Fatal_And_Damaging
10621,Highly_Fatal_And_Damaging
10624,Highly_Fatal_And_Damaging
10633,Highly_Fatal_And_Damaging
10638,Significant_Damage_And_Serious_Injuries
10640,Highly_Fatal_And_Damaging
10644,Highly_Fatal_And_Damaging
10647,Highly_Fatal_And_Damaging
10653,Highly_Fatal_And_Damaging
10657,Highly_Fatal_And_Damaging
10658,Highly_Fatal_And_Damaging
10670,Highly_Fatal_And_Damaging
10674,Highly_Fatal_And_Damaging
10685,Highly_Fatal_And_Damaging
10687,Highly_Fatal_And_Damaging
10691,Highly_Fatal_And_Damaging
10692,Highly_Fatal_And_Damaging
10698,Highly_Fatal_And_Damaging
10699,Highly_Fatal_And_Damaging
10702,Highly_Fatal_And_Damaging
10711,Highly_Fatal_And_Damaging
10713,Highly_Fatal_And_Damaging
10718,Highly_Fatal_And_Damaging
10729,Highly_Fatal_And_Damaging
10733,Highly_Fatal_And_Damaging
10736,Highly_Fatal_And_Damaging
10737,Highly_Fatal_And_Damaging
10740,Highly_Fatal_And_Damaging
10746,Highly_Fatal_And_Damaging
10748,Highly_Fatal_And_Damaging
10749,Highly_Fatal_And_Damaging
10750,Highly_Fatal_And_Damaging
10751,Highly_Fatal_And_Damaging
10753,Highly_Fatal_And_Damaging
10776,Significant_Damage_And_Fatalities
10781,Highly_Fatal_And_Damaging
10786,Highly_Fatal_And_Damaging
10792,Significant_Damage_And_Serious_Injuries
10798,Highly_Fatal_And_Damaging
10799,Highly_Fatal_And_Damaging
10808,Highly_Fatal_And_Damaging
10809,Highly_Fatal_And_Damaging
10810,Highly_Fatal_And_Damaging
10812,Highly_Fatal_And_Damaging
10813,Highly_Fatal_And_Damaging
10815,Highly_Fatal_And_Damaging
10819,Highly_Fatal_And_Damaging
10821,Highly_Fatal_And_Damaging
10826,Highly_Fatal_And_Damaging
10832,Highly_Fatal_And_Damaging
10836,Highly_Fatal_And_Damaging
10846,Highly_Fatal_And_Damaging
10853,Highly_Fatal_And_Damaging
10854,Significant_Damage_And_Serious_Injuries
10866,Highly_Fatal_And_Damaging
10867,Highly_Fatal_And_Damaging
10875,Highly_Fatal_And_Damaging
10882,Highly_Fatal_And_Damaging
10892,Highly_Fatal_And_Damaging
10895,Highly_Fatal_And_Damaging
10915,Highly_Fatal_And_Damaging
10921,Highly_Fatal_And_Damaging
10926,Highly_Fatal_And_Damaging
10927,Highly_Fatal_And_Damaging
10934,Highly_Fatal_And_Damaging
10936,Highly_Fatal_And_Damaging
10938,Highly_Fatal_And_Damaging
10941,Highly_Fatal_And_Damaging
10953,Highly_Fatal_And_Damaging
10956,Highly_Fatal_And_Damaging
10957,Highly_Fatal_And_Damaging
10959,Highly_Fatal_And_Damaging
10960,Highly_Fatal_And_Damaging
10963,Highly_Fatal_And_Damaging
10970,Significant_Damage_And_Serious_Injuries
10981,Highly_Fatal_And_Damaging
10982,Highly_Fatal_And_Damaging
10984,Highly_Fatal_And_Damaging
10988,Highly_Fatal_And_Damaging
10996,Highly_Fatal_And_Damaging
11002,Significant_Damage_And_Serious_Injuries
11011,Highly_Fatal_And_Damaging
11017,Highly_Fatal_And_Damaging
11019,Significant_Damage_And_Fatalities
11024,Highly_Fatal_And_Damaging
11029,Highly_Fatal_And_Damaging
11030,Highly_Fatal_And_Damaging
11032,Highly_Fatal_And_Damaging
11036,Highly_Fatal_And_Damaging
11037,Highly_Fatal_And_Damaging
11040,Highly_Fatal_And_Damaging
11043,Significant_Damage_And_Fatalities
11051,Highly_Fatal_And_Damaging
11055,Highly_Fatal_And_Damaging
11056,Highly_Fatal_And_Damaging
11059,Highly_Fatal_And_Damaging
11063,Highly_Fatal_And_Damaging
11067,Highly_Fatal_And_Damaging
11069,Highly_Fatal_And_Damaging
11080,Highly_Fatal_And_Damaging
11082,Highly_Fatal_And_Damaging
11083,Highly_Fatal_And_Damaging
11095,Highly_Fatal_And_Damaging
11102,Highly_Fatal_And_Damaging
11114,Highly_Fatal_And_Damaging
11115,Highly_Fatal_And_Damaging
11122,Highly_Fatal_And_Damaging
11125,Highly_Fatal_And_Damaging
11132,Highly_Fatal_And_Damaging
11140,Highly_Fatal_And_Damaging
11147,Highly_Fatal_And_Damaging
11148,Highly_Fatal_And_Damaging
11151,Highly_Fatal_And_Damaging
11156,Highly_Fatal_And_Damaging
11168,Highly_Fatal_And_Damaging
11174,Significant_Damage_And_Fatalities
11175,Significant_Damage_And_Fatalities
11180,Highly_Fatal_And_Damaging
11189,Highly_Fatal_And_Damaging
11193,Highly_Fatal_And_Damaging
11196,Highly_Fatal_And_Damaging
11197,Highly_Fatal_And_Damaging
11198,Highly_Fatal_And_Damaging
11199,Highly_Fatal_And_Damaging
11204,Highly_Fatal_And_Damaging
11211,Highly_Fatal_And_Damaging
11225,Highly_Fatal_And_Damaging
11235,Significant_Damage_And_Serious_Injuries
11239,Significant_Damage_And_Serious_Injuries
11241,Highly_Fatal_And_Damaging
11250,Highly_Fatal_And_Damaging
11251,Highly_Fatal_And_Damaging
11254,Highly_Fatal_And_Damaging
11260,Highly_Fatal_And_Damaging
11261,Highly_Fatal_And_Damaging
11263,Highly_Fatal_And_Damaging
11267,Highly_Fatal_And_Damaging
11270,Highly_Fatal_And_Damaging
11272,Highly_Fatal_And_Damaging
11275,Highly_Fatal_And_Damaging
11276,Highly_Fatal_And_Damaging
11280,Highly_Fatal_And_Damaging
11282,Significant_Damage_And_Serious_Injuries
11287,Highly_Fatal_And_Damaging
11289,Highly_Fatal_And_Damaging
11291,Highly_Fatal_And_Damaging
11293,Highly_Fatal_And_Damaging
11297,Highly_Fatal_And_Damaging
11301,Highly_Fatal_And_Damaging
11308,Highly_Fatal_And_Damaging
11309,Highly_Fatal_And_Damaging
11310,Highly_Fatal_And_Damaging
11311,Highly_Fatal_And_Damaging
11312,Significant_Damage_And_Serious_Injuries
11315,Highly_Fatal_And_Damaging
11317,Highly_Fatal_And_Damaging
11326,Highly_Fatal_And_Damaging
11334,Highly_Fatal_And_Damaging
11337,Highly_Fatal_And_Damaging
11339,Highly_Fatal_And_Damaging
11346,Highly_Fatal_And_Damaging
11347,Highly_Fatal_And_Damaging
11348,Highly_Fatal_And_Damaging
11352,Highly_Fatal_And_Damaging
11357,Highly_Fatal_And_Damaging
11360,Highly_Fatal_And_Damaging
11368,Significant_Damage_And_Serious_Injuries
11396,Highly_Fatal_And_Damaging
11405,Highly_Fatal_And_Damaging
11411,Highly_Fatal_And_Damaging
11412,Highly_Fatal_And_Damaging
11414,Highly_Fatal_And_Damaging
11417,Highly_Fatal_And_Damaging
11421,Highly_Fatal_And_Damaging
11424,Highly_Fatal_And_Damaging
11428,Highly_Fatal_And_Damaging
11436,Highly_Fatal_And_Damaging
11438,Highly_Fatal_And_Damaging
11439,Highly_Fatal_And_Damaging
11449,Highly_Fatal_And_Damaging
11454,Significant_Damage_And_Serious_Injuries
11456,Significant_Damage_And_Serious_Injuries
11458,Highly_Fatal_And_Damaging
11460,Highly_Fatal_And_Damaging
11461,Highly_Fatal_And_Damaging
11467,Highly_Fatal_And_Damaging
11468,Highly_Fatal_And_Damaging
11480,Highly_Fatal_And_Damaging
11485,Highly_Fatal_And_Damaging
11486,Significant_Damage_And_Fatalities
11491,Highly_Fatal_And_Damaging
11498,Highly_Fatal_And_Damaging
11501,Highly_Fatal_And_Damaging
11502,Highly_Fatal_And_Damaging
11506,Highly_Fatal_And_Damaging
11521,Highly_Fatal_And_Damaging
11523,Highly_Fatal_And_Damaging
11524,Highly_Fatal_And_Damaging
11529,Highly_Fatal_And_Damaging
11532,Highly_Fatal_And_Damaging
11542,Highly_Fatal_And_Damaging
11555,Highly_Fatal_And_Damaging
11559,Highly_Fatal_And_Damaging
11563,Highly_Fatal_And_Damaging
11566,Highly_Fatal_And_Damaging
11572,Highly_Fatal_And_Damaging
11575,Highly_Fatal_And_Damaging
11577,Highly_Fatal_And_Damaging
11579,Highly_Fatal_And_Damaging
11581,Highly_Fatal_And_Damaging
11591,Highly_Fatal_And_Damaging
11594,Highly_Fatal_And_Damaging
11598,Highly_Fatal_And_Damaging
11599,Highly_Fatal_And_Damaging
11601,Highly_Fatal_And_Damaging
11602,Significant_Damage_And_Fatalities
11603,Highly_Fatal_And_Damaging
11610,Highly_Fatal_And_Damaging
11611,Highly_Fatal_And_Damaging
11614,Highly_Fatal_And_Damaging
11621,Highly_Fatal_And_Damaging
11625,Highly_Fatal_And_Damaging
11632,Highly_Fatal_And_Damaging
11633,Highly_Fatal_And_Damaging
11639,Highly_Fatal_And_Damaging
11643,Highly_Fatal_And_Damaging
11647,Highly_Fatal_And_Damaging
11648,Highly_Fatal_And_Damaging
11650,Highly_Fatal_And_Damaging
11657,Highly_Fatal_And_Damaging
11662,Highly_Fatal_And_Damaging
11667,Highly_Fatal_And_Damaging
11681,Highly_Fatal_And_Damaging
11687,Highly_Fatal_And_Damaging
11691,Highly_Fatal_And_Damaging
11707,Highly_Fatal_And_Damaging
11708,Highly_Fatal_And_Damaging
11722,Significant_Damage_And_Serious_Injuries
11726,Highly_Fatal_And_Damaging
11729,Highly_Fatal_And_Damaging
11735,Highly_Fatal_And_Damaging
11739,Highly_Fatal_And_Damaging
11741,Highly_Fatal_And_Damaging
11748,Highly_Fatal_And_Damaging
11749,Highly_Fatal_And_Damaging
11757,Highly_Fatal_And_Damaging
11758,Highly_Fatal_And_Damaging
11765,Significant_Damage_And_Serious_Injuries
11766,Highly_Fatal_And_Damaging
11770,Highly_Fatal_And_Damaging
11772,Highly_Fatal_And_Damaging
11778,Highly_Fatal_And_Damaging
11786,Highly_Fatal_And_Damaging
11789,Highly_Fatal_And_Damaging
11797,Highly_Fatal_And_Damaging
11800,Highly_Fatal_And_Damaging
11804,Highly_Fatal_And_Damaging
11810,Highly_Fatal_And_Damaging
11842,Highly_Fatal_And_Damaging
11843,Highly_Fatal_And_Damaging
11847,Highly_Fatal_And_Damaging
11848,Highly_Fatal_And_Damaging
11849,Highly_Fatal_And_Damaging
11850,Highly_Fatal_And_Damaging
11876,Highly_Fatal_And_Damaging
11879,Highly_Fatal_And_Damaging
11882,Highly_Fatal_And_Damaging
11890,Highly_Fatal_And_Damaging
11894,Highly_Fatal_And_Damaging
11897,Highly_Fatal_And_Damaging
11900,Highly_Fatal_And_Damaging
11904,Highly_Fatal_And_Damaging
11913,Highly_Fatal_And_Damaging
11933,Highly_Fatal_And_Damaging
11943,Highly_Fatal_And_Damaging
11944,Highly_Fatal_And_Damaging
11949,Highly_Fatal_And_Damaging
11952,Highly_Fatal_And_Damaging
11957,Highly_Fatal_And_Damaging
11960,Highly_Fatal_And_Damaging
11975,Highly_Fatal_And_Damaging
11978,Highly_Fatal_And_Damaging
11983,Highly_Fatal_And_Damaging
11990,Highly_Fatal_And_Damaging
12002,Highly_Fatal_And_Damaging
12004,Highly_Fatal_And_Damaging
12011,Highly_Fatal_And_Damaging
12016,Highly_Fatal_And_Damaging
12020,Highly_Fatal_And_Damaging
12023,Highly_Fatal_And_Damaging
12024,Highly_Fatal_And_Damaging
12025,Highly_Fatal_And_Damaging
12045,Highly_Fatal_And_Damaging
12051,Highly_Fatal_And_Damaging
12054,Highly_Fatal_And_Damaging
12055,Highly_Fatal_And_Damaging
12060,Highly_Fatal_And_Damaging
12065,Highly_Fatal_And_Damaging
12068,Highly_Fatal_And_Damaging
12069,Highly_Fatal_And_Damaging
12070,Highly_Fatal_And_Damaging
12072,Highly_Fatal_And_Damaging
12079,Highly_Fatal_And_Damaging
12080,Highly_Fatal_And_Damaging
12086,Highly_Fatal_And_Damaging
12096,Highly_Fatal_And_Damaging
12105,Highly_Fatal_And_Damaging
12106,Highly_Fatal_And_Damaging
12107,Highly_Fatal_And_Damaging
12121,Highly_Fatal_And_Damaging
12125,Highly_Fatal_And_Damaging
12133,Highly_Fatal_And_Damaging
12134,Significant_Damage_And_Fatalities
12150,Highly_Fatal_And_Damaging
12152,Highly_Fatal_And_Damaging
12163,Highly_Fatal_And_Damaging
12173,Highly_Fatal_And_Damaging
12186,Highly_Fatal_And_Damaging
12188,Highly_Fatal_And_Damaging
12191,Highly_Fatal_And_Damaging
12193,Highly_Fatal_And_Damaging
12196,Highly_Fatal_And_Damaging
12198,Highly_Fatal_And_Damaging
12222,Highly_Fatal_And_Damaging
12224,Highly_Fatal_And_Damaging
12225,Highly_Fatal_And_Damaging
12229,Highly_Fatal_And_Damaging
12234,Highly_Fatal_And_Damaging
12235,Highly_Fatal_And_Damaging
12236,Highly_Fatal_And_Damaging
12246,Highly_Fatal_And_Damaging
12250,Highly_Fatal_And_Damaging
12263,Highly_Fatal_And_Damaging
12264,Highly_Fatal_And_Damaging
12269,Highly_Fatal_And_Damaging
12277,Highly_Fatal_And_Damaging
12292,Highly_Fatal_And_Damaging
12310,Highly_Fatal_And_Damaging
12318,Highly_Fatal_And_Damaging
12329,Highly_Fatal_And_Damaging
12332,Highly_Fatal_And_Damaging
12340,Highly_Fatal_And_Damaging
12346,Highly_Fatal_And_Damaging
12353,Highly_Fatal_And_Damaging
12354,Highly_Fatal_And_Damaging
12356,Significant_Damage_And_Serious_Injuries
12366,Highly_Fatal_And_Damaging
12367,Highly_Fatal_And_Damaging
12378,Significant_Damage_And_Serious_Injuries
12389,Highly_Fatal_And_Damaging
12390,Highly_Fatal_And_Damaging
12402,Highly_Fatal_And_Damaging
12406,Highly_Fatal_And_Damaging
12412,Highly_Fatal_And_Damaging
12413,Highly_Fatal_And_Damaging
12415,Highly_Fatal_And_Damaging
12420,Highly_Fatal_And_Damaging
12423,Highly_Fatal_And_Damaging
12432,Highly_Fatal_And_Damaging
12433,Highly_Fatal_And_Damaging
12435,Highly_Fatal_And_Damaging
12436,Highly_Fatal_And_Damaging
12437,Highly_Fatal_And_Damaging
12438,Highly_Fatal_And_Damaging
12442,Highly_Fatal_And_Damaging
12444,Highly_Fatal_And_Damaging
12446,Highly_Fatal_And_Damaging
12461,Highly_Fatal_And_Damaging
12473,Highly_Fatal_And_Damaging
12474,Highly_Fatal_And_Damaging
12476,Highly_Fatal_And_Damaging
12484,Highly_Fatal_And_Damaging
12487,Highly_Fatal_And_Damaging
12488,Highly_Fatal_And_Damaging
12491,Highly_Fatal_And_Damaging
12493,Highly_Fatal_And_Damaging
